50.5668,35.5678,106.753,0,0.802335,0.72435,0.974615,0.957799,0.962541,0.759295,0.866141,NaN,NaN,NaN,NaN,NaN,NaN,NaN,NaN,-0.721012,NaN,NaN,NaN,NaN,NaN,NaN,NaN,NaN,NaN,NaN,NaN,NaN,NaN,NaN,NaN,NaN,NaN,NaN,0.714145,NaN,NaN,NaN,NaN,NaN,NaN,NaN,NaN,NaN,NaN,NaN,NaN,NaN,NaN,NaN,NaN,-0.267324,NaN,NaN,NaN,NaN,NaN,NaN,-0.594097,NaN,NaN,NaN,NaN,0.627771,0.815619,NaN,NaN,NaN,NaN,NaN,NaN,-0.508306,NaN,NaN,0.0532268,NaN,NaN,NaN,NaN,-0.680914,NaN,NaN,NaN,NaN,NaN,NaN,NaN,NaN,NaN,0.573767,NaN,NaN,NaN,NaN,0.966446,NaN,NaN,NaN,NaN,NaN,NaN,NaN,NaN,NaN,NaN,NaN,NaN,NaN,NaN,0.124353,NaN,NaN,NaN,NaN,NaN,0.764955,NaN,NaN,NaN,NaN,NaN,NaN,NaN,NaN,NaN,NaN,NaN,NaN,NaN,NaN,NaN,NaN,-0.0672986,NaN,-0.905013,1
89.0303,17.1406,106.61,0.802335,0,0.957913,0.91988,0.713519,0.944506,0.513718,0.97439,NaN,0.256868,0.138657,NaN,NaN,NaN,NaN,NaN,NaN,NaN,NaN,NaN,NaN,0.426267,NaN,NaN,NaN,NaN,NaN,-0.344004,NaN,NaN,NaN,NaN,NaN,NaN,NaN,NaN,NaN,NaN,NaN,NaN,NaN,NaN,NaN,NaN,0.136978,NaN,NaN,NaN,NaN,NaN,NaN,NaN,NaN,-0.488129,NaN,NaN,NaN,NaN,0.591572,NaN,NaN,NaN,NaN,NaN,NaN,NaN,NaN,NaN,NaN,NaN,NaN,NaN,NaN,NaN,NaN,NaN,0.231241,NaN,NaN,NaN,NaN,NaN,0.341846,NaN,NaN,NaN,NaN,NaN,NaN,NaN,NaN,NaN,NaN,NaN,NaN,NaN,NaN,NaN,NaN,NaN,NaN,NaN,NaN,0.642239,NaN,NaN,NaN,NaN,NaN,NaN,NaN,NaN,NaN,NaN,NaN,NaN,NaN,NaN,NaN,NaN,NaN,NaN,NaN,NaN,NaN,NaN,NaN,NaN,NaN,NaN,NaN,NaN,NaN,NaN,NaN,NaN,2
71.6683,52.8038,105.335,0.72435,0.957913,0,0.82843,NaN,0.934503,0.940879,0.929938,NaN,NaN,NaN,NaN,NaN,NaN,NaN,NaN,NaN,NaN,NaN,0.0324717,NaN,NaN,NaN,NaN,-0.338307,NaN,NaN,NaN,NaN,NaN,NaN,NaN,NaN,NaN,NaN,NaN,NaN,NaN,NaN,NaN,NaN,NaN,NaN,-0.0832182,NaN,NaN,NaN,0.213513,NaN,NaN,NaN,NaN,-0.0712201,NaN,NaN,NaN,NaN,NaN,NaN,NaN,NaN,NaN,NaN,NaN,NaN,NaN,NaN,NaN,NaN,NaN,NaN,NaN,NaN,NaN,NaN,NaN,NaN,NaN,NaN,NaN,NaN,NaN,NaN,0.320409,NaN,0.542731,NaN,0.281473,NaN,NaN,NaN,0.846051,NaN,NaN,NaN,NaN,NaN,NaN,NaN,NaN,NaN,NaN,NaN,NaN,NaN,NaN,NaN,NaN,NaN,NaN,NaN,NaN,-0.225876,0.136782,NaN,NaN,NaN,NaN,NaN,NaN,NaN,NaN,NaN,NaN,NaN,NaN,NaN,NaN,NaN,NaN,NaN,NaN,NaN,NaN,NaN,NaN,3
23.2224,44.7613,106.059,0.974615,0.91988,0.82843,0,0.715711,0.914237,0.460809,0.450938,NaN,NaN,NaN,NaN,NaN,NaN,NaN,NaN,0.744122,NaN,NaN,NaN,NaN,NaN,NaN,NaN,0.220245,NaN,NaN,NaN,NaN,NaN,NaN,NaN,NaN,NaN,NaN,NaN,-0.329949,NaN,NaN,NaN,NaN,NaN,NaN,NaN,NaN,NaN,NaN,NaN,0.445582,NaN,NaN,NaN,NaN,NaN,NaN,NaN,NaN,NaN,NaN,NaN,NaN,0.175077,-0.775336,NaN,NaN,NaN,NaN,NaN,NaN,NaN,NaN,NaN,NaN,NaN,NaN,NaN,NaN,NaN,NaN,NaN,NaN,NaN,NaN,NaN,NaN,NaN,NaN,NaN,NaN,NaN,NaN,NaN,-0.448128,0.897601,NaN,NaN,NaN,0.184902,NaN,NaN,NaN,NaN,NaN,-0.520452,NaN,0.655493,0.141232,NaN,NaN,NaN,NaN,NaN,NaN,NaN,NaN,NaN,0.46214,NaN,NaN,NaN,NaN,NaN,NaN,NaN,NaN,NaN,NaN,NaN,NaN,NaN,NaN,NaN,NaN,NaN,NaN,NaN,4
34.7094,32.4147,106.063,0.957799,0.713519,NaN,0.715711,0,NaN,0.560241,0.881417,NaN,NaN,NaN,NaN,NaN,NaN,NaN,NaN,NaN,NaN,NaN,NaN,-0.643251,NaN,NaN,NaN,-0.101906,NaN,NaN,NaN,NaN,NaN,NaN,NaN,-0.290686,NaN,NaN,NaN,NaN,NaN,NaN,NaN,NaN,NaN,0.380428,NaN,NaN,NaN,NaN,NaN,NaN,NaN,NaN,NaN,NaN,NaN,NaN,NaN,NaN,NaN,NaN,NaN,NaN,NaN,NaN,NaN,NaN,NaN,NaN,NaN,NaN,NaN,NaN,NaN,NaN,0.63552,NaN,NaN,NaN,NaN,NaN,NaN,NaN,NaN,NaN,NaN,NaN,NaN,NaN,NaN,NaN,NaN,NaN,0.773553,0.280241,NaN,NaN,NaN,-0.697098,NaN,NaN,NaN,NaN,NaN,NaN,NaN,NaN,NaN,0.740452,NaN,NaN,NaN,NaN,NaN,NaN,NaN,NaN,NaN,NaN,NaN,NaN,NaN,0.233883,NaN,NaN,NaN,NaN,NaN,NaN,NaN,NaN,NaN,NaN,NaN,NaN,NaN,NaN,NaN,6
105.385,41.6239,107.19,0.962541,0.944506,0.934503,0.914237,NaN,0,NaN,NaN,NaN,NaN,NaN,NaN,NaN,NaN,NaN,NaN,NaN,NaN,NaN,0.879328,-0.429057,NaN,NaN,-0.00647249,-0.725544,NaN,NaN,NaN,NaN,NaN,NaN,0.274928,NaN,NaN,NaN,NaN,NaN,NaN,NaN,NaN,NaN,NaN,NaN,NaN,NaN,NaN,0.538928,NaN,NaN,NaN,NaN,NaN,-0.939805,NaN,NaN,NaN,NaN,NaN,NaN,NaN,NaN,NaN,NaN,-0.433313,NaN,NaN,NaN,NaN,NaN,NaN,NaN,0.590189,NaN,NaN,NaN,NaN,NaN,NaN,NaN,NaN,NaN,NaN,NaN,NaN,NaN,NaN,NaN,NaN,NaN,-0.275621,NaN,NaN,0.134012,0.617337,NaN,NaN,NaN,-0.778499,NaN,NaN,-0.412066,NaN,NaN,NaN,NaN,NaN,NaN,NaN,NaN,NaN,NaN,NaN,-0.878783,NaN,NaN,NaN,NaN,NaN,NaN,NaN,NaN,NaN,NaN,NaN,NaN,NaN,NaN,NaN,NaN,NaN,NaN,NaN,NaN,NaN,NaN,NaN,8
86.4863,80.2935,105.709,0.759295,0.513718,0.940879,0.460809,0.560241,NaN,0,0.619664,NaN,NaN,NaN,NaN,NaN,NaN,NaN,NaN,NaN,NaN,0.0711332,NaN,NaN,NaN,NaN,NaN,NaN,NaN,NaN,NaN,NaN,NaN,NaN,NaN,NaN,NaN,NaN,NaN,NaN,-0.32768,NaN,0.280083,NaN,NaN,NaN,NaN,0.834112,NaN,NaN,NaN,NaN,0.849833,NaN,NaN,NaN,NaN,NaN,-0.0603469,NaN,0.867833,NaN,NaN,NaN,NaN,NaN,NaN,-0.689227,NaN,NaN,-0.942158,-0.413387,NaN,NaN,NaN,NaN,NaN,NaN,NaN,NaN,NaN,NaN,NaN,NaN,NaN,NaN,NaN,NaN,NaN,NaN,NaN,NaN,NaN,0.0445014,NaN,NaN,NaN,NaN,NaN,NaN,NaN,NaN,NaN,NaN,NaN,NaN,NaN,NaN,NaN,NaN,NaN,NaN,NaN,NaN,NaN,NaN,NaN,NaN,NaN,NaN,NaN,NaN,NaN,NaN,NaN,NaN,NaN,NaN,NaN,NaN,NaN,NaN,NaN,NaN,NaN,NaN,NaN,NaN,NaN,9
61.2305,93.5382,104.306,0.866141,0.97439,0.929938,0.450938,0.881417,NaN,0.619664,0,NaN,NaN,NaN,NaN,NaN,NaN,NaN,NaN,NaN,NaN,NaN,NaN,NaN,NaN,NaN,NaN,NaN,NaN,NaN,NaN,NaN,NaN,-0.196815,NaN,NaN,NaN,NaN,NaN,0.593745,NaN,NaN,NaN,NaN,0.632432,NaN,NaN,NaN,NaN,NaN,NaN,NaN,NaN,NaN,NaN,NaN,NaN,NaN,0.583832,NaN,NaN,NaN,NaN,NaN,NaN,NaN,0.3762,0.550508,NaN,NaN,NaN,NaN,NaN,NaN,NaN,NaN,NaN,0.0814446,NaN,NaN,NaN,NaN,0.322219,NaN,NaN,NaN,NaN,NaN,NaN,NaN,NaN,NaN,NaN,NaN,0.0357075,NaN,NaN,NaN,NaN,-0.887672,0.155629,NaN,NaN,NaN,-0.425918,NaN,NaN,0.0886386,NaN,NaN,NaN,NaN,NaN,NaN,0.424789,NaN,NaN,0.574111,0.950446,NaN,NaN,NaN,NaN,NaN,NaN,NaN,NaN,NaN,NaN,NaN,NaN,NaN,NaN,NaN,NaN,NaN,NaN,NaN,NaN,10
56.0375,23.6265,174.729,NaN,NaN,NaN,NaN,NaN,NaN,NaN,NaN,0,0.89546,0.989126,0.937075,NaN,0.95033,NaN,NaN,NaN,NaN,NaN,NaN,NaN,NaN,NaN,NaN,NaN,NaN,0.52386,NaN,NaN,NaN,-0.0413213,NaN,NaN,NaN,NaN,NaN,NaN,NaN,-0.718465,NaN,NaN,NaN,NaN,NaN,NaN,NaN,0.603947,NaN,NaN,NaN,NaN,NaN,NaN,NaN,0.381836,NaN,NaN,NaN,NaN,NaN,NaN,NaN,NaN,NaN,NaN,NaN,NaN,NaN,NaN,NaN,NaN,NaN,NaN,NaN,NaN,NaN,-0.660498,NaN,NaN,-0.976382,NaN,NaN,NaN,NaN,NaN,NaN,NaN,NaN,NaN,NaN,NaN,NaN,NaN,NaN,-0.538172,NaN,NaN,NaN,NaN,NaN,NaN,NaN,NaN,NaN,NaN,NaN,NaN,NaN,NaN,NaN,NaN,NaN,NaN,NaN,NaN,0.121542,NaN,0.525795,NaN,NaN,NaN,NaN,NaN,NaN,NaN,NaN,NaN,NaN,NaN,NaN,NaN,0.830108,NaN,NaN,NaN,NaN,11
65.1127,47.3693,175.381,NaN,0.256868,NaN,NaN,NaN,NaN,NaN,NaN,0.89546,0,NaN,0.919588,0.906293,0.869636,NaN,NaN,NaN,NaN,NaN,NaN,NaN,NaN,NaN,NaN,NaN,NaN,NaN,NaN,NaN,NaN,NaN,NaN,NaN,NaN,NaN,NaN,NaN,NaN,NaN,NaN,NaN,NaN,-0.438826,NaN,NaN,-0.658482,NaN,NaN,NaN,NaN,NaN,NaN,0.530766,NaN,NaN,NaN,NaN,NaN,NaN,NaN,NaN,NaN,NaN,NaN,NaN,0.937023,NaN,NaN,NaN,NaN,NaN,NaN,0.595418,NaN,NaN,NaN,NaN,NaN,NaN,0.886982,NaN,NaN,NaN,NaN,NaN,NaN,NaN,NaN,NaN,NaN,NaN,NaN,-0.181625,NaN,NaN,NaN,NaN,NaN,NaN,NaN,NaN,NaN,NaN,NaN,NaN,NaN,NaN,NaN,0.382642,NaN,0.576262,NaN,NaN,0.966653,NaN,NaN,0.368627,NaN,NaN,NaN,NaN,NaN,NaN,NaN,NaN,NaN,NaN,-0.462386,0.0387711,NaN,NaN,0.0684494,NaN,NaN,NaN,NaN,12
61.2821,88.4788,175.073,NaN,0.138657,NaN,NaN,NaN,NaN,NaN,NaN,0.989126,NaN,0,0.857296,0.563237,NaN,NaN,NaN,NaN,NaN,NaN,0.0290622,NaN,NaN,NaN,NaN,NaN,NaN,NaN,NaN,NaN,NaN,NaN,0.303945,NaN,NaN,NaN,NaN,NaN,NaN,NaN,NaN,NaN,NaN,NaN,NaN,NaN,NaN,NaN,NaN,NaN,NaN,NaN,NaN,NaN,NaN,NaN,NaN,NaN,NaN,NaN,NaN,NaN,NaN,NaN,NaN,NaN,0.414665,-0.382842,NaN,NaN,NaN,NaN,NaN,NaN,NaN,NaN,NaN,NaN,0.407398,NaN,NaN,NaN,NaN,NaN,NaN,NaN,NaN,NaN,NaN,NaN,NaN,NaN,NaN,NaN,NaN,NaN,NaN,NaN,NaN,NaN,NaN,NaN,NaN,NaN,NaN,NaN,NaN,NaN,NaN,NaN,0.727599,NaN,NaN,NaN,NaN,NaN,NaN,NaN,NaN,NaN,NaN,NaN,NaN,0.215007,NaN,NaN,NaN,NaN,NaN,NaN,NaN,NaN,NaN,NaN,NaN,NaN,NaN,13
101.795,35.8375,175.74,NaN,NaN,NaN,NaN,NaN,NaN,NaN,NaN,0.937075,0.919588,0.857296,0,0.766311,0.936819,0.748663,NaN,NaN,NaN,NaN,NaN,NaN,NaN,NaN,NaN,0.545562,NaN,-0.973851,NaN,NaN,NaN,NaN,0.58289,NaN,NaN,NaN,NaN,0.53314,NaN,NaN,NaN,NaN,NaN,NaN,NaN,NaN,NaN,NaN,NaN,NaN,NaN,NaN,NaN,NaN,NaN,NaN,NaN,NaN,-0.653872,-0.991089,NaN,NaN,NaN,NaN,0.795874,0.717616,NaN,NaN,NaN,0.0931475,0.425645,NaN,NaN,NaN,NaN,NaN,0.573657,NaN,NaN,NaN,NaN,0.985142,NaN,NaN,NaN,NaN,NaN,NaN,NaN,NaN,NaN,NaN,NaN,NaN,NaN,NaN,NaN,NaN,NaN,NaN,NaN,NaN,NaN,NaN,NaN,NaN,NaN,NaN,NaN,NaN,NaN,NaN,NaN,NaN,NaN,0.996453,NaN,NaN,NaN,NaN,NaN,NaN,NaN,NaN,0.906729,NaN,NaN,NaN,NaN,NaN,NaN,NaN,0.644985,NaN,NaN,NaN,-0.397546,14
59.3881,14.5281,176.754,NaN,NaN,NaN,NaN,NaN,NaN,NaN,NaN,NaN,0.906293,0.563237,0.766311,0,0.776343,NaN,NaN,-0.285014,NaN,NaN,NaN,0.316873,NaN,NaN,NaN,NaN,NaN,NaN,NaN,NaN,NaN,NaN,NaN,NaN,NaN,NaN,NaN,NaN,0.450897,NaN,NaN,NaN,NaN,NaN,-0.28903,NaN,NaN,NaN,NaN,NaN,NaN,NaN,-0.235667,NaN,NaN,NaN,NaN,NaN,NaN,NaN,NaN,NaN,NaN,NaN,NaN,NaN,NaN,NaN,NaN,NaN,NaN,0.476208,NaN,NaN,NaN,NaN,NaN,NaN,NaN,NaN,NaN,NaN,NaN,NaN,NaN,NaN,NaN,NaN,NaN,NaN,NaN,NaN,NaN,NaN,NaN,NaN,NaN,NaN,NaN,NaN,NaN,NaN,NaN,NaN,NaN,NaN,NaN,-0.306651,NaN,NaN,NaN,NaN,NaN,NaN,NaN,NaN,NaN,NaN,-0.187174,NaN,NaN,NaN,NaN,NaN,NaN,NaN,0.373609,NaN,NaN,NaN,NaN,NaN,NaN,NaN,NaN,NaN,NaN,15
61.8602,31.8288,174.061,NaN,NaN,NaN,NaN,NaN,NaN,NaN,NaN,0.95033,0.869636,NaN,0.936819,0.776343,0,NaN,NaN,NaN,NaN,NaN,NaN,NaN,NaN,NaN,NaN,NaN,NaN,NaN,NaN,NaN,NaN,NaN,NaN,0.355756,NaN,NaN,NaN,NaN,NaN,NaN,NaN,NaN,NaN,NaN,NaN,NaN,NaN,NaN,NaN,NaN,NaN,NaN,NaN,NaN,-0.362623,NaN,NaN,NaN,NaN,NaN,NaN,NaN,NaN,NaN,NaN,NaN,NaN,NaN,NaN,NaN,NaN,NaN,NaN,NaN,NaN,0.0181247,NaN,NaN,NaN,NaN,NaN,NaN,NaN,NaN,NaN,NaN,NaN,NaN,NaN,NaN,NaN,NaN,NaN,NaN,NaN,NaN,NaN,NaN,NaN,NaN,NaN,NaN,NaN,NaN,NaN,NaN,NaN,NaN,NaN,NaN,NaN,-0.715264,NaN,NaN,NaN,NaN,-0.141255,NaN,NaN,NaN,NaN,NaN,NaN,NaN,NaN,NaN,NaN,NaN,NaN,NaN,NaN,NaN,NaN,NaN,NaN,NaN,NaN,17
19.5645,82.178,189.057,NaN,NaN,NaN,NaN,NaN,NaN,NaN,NaN,NaN,NaN,NaN,0.748663,NaN,NaN,0,0.437951,NaN,0.58261,0.763009,0.981027,0.859202,NaN,NaN,NaN,NaN,-0.0747388,NaN,NaN,NaN,NaN,NaN,NaN,NaN,NaN,NaN,NaN,NaN,NaN,NaN,NaN,NaN,-0.385884,NaN,NaN,0.539806,NaN,-0.755575,NaN,NaN,NaN,NaN,NaN,NaN,NaN,NaN,NaN,NaN,NaN,NaN,NaN,NaN,NaN,NaN,NaN,NaN,-0.996301,NaN,NaN,NaN,0.579176,NaN,NaN,NaN,NaN,NaN,NaN,NaN,NaN,NaN,NaN,NaN,NaN,NaN,NaN,NaN,NaN,0.609521,NaN,NaN,NaN,0.148982,NaN,NaN,NaN,NaN,NaN,NaN,NaN,NaN,NaN,NaN,NaN,NaN,0.846312,NaN,NaN,NaN,NaN,NaN,NaN,NaN,NaN,NaN,NaN,NaN,NaN,NaN,0.454373,NaN,NaN,NaN,NaN,NaN,-0.133651,NaN,NaN,-0.928912,NaN,NaN,NaN,0.909608,0.657224,NaN,NaN,NaN,NaN,21
61.8638,26.2539,190.822,NaN,NaN,NaN,NaN,NaN,NaN,NaN,NaN,NaN,NaN,NaN,NaN,NaN,NaN,0.437951,0,0.884337,0.70902,0.956195,0.946206,0.974463,0.599534,NaN,NaN,0.706946,NaN,NaN,-0.413354,NaN,NaN,NaN,NaN,NaN,NaN,NaN,0.161978,NaN,NaN,NaN,NaN,NaN,NaN,NaN,NaN,NaN,NaN,NaN,NaN,NaN,NaN,NaN,NaN,NaN,-0.750212,0.51132,NaN,NaN,NaN,NaN,NaN,NaN,NaN,NaN,NaN,NaN,NaN,NaN,NaN,NaN,NaN,0.770476,NaN,NaN,NaN,NaN,NaN,NaN,NaN,0.174651,NaN,NaN,NaN,NaN,NaN,NaN,NaN,NaN,NaN,NaN,NaN,NaN,NaN,NaN,NaN,NaN,NaN,NaN,NaN,NaN,NaN,NaN,NaN,NaN,NaN,NaN,NaN,NaN,NaN,NaN,NaN,NaN,NaN,NaN,NaN,NaN,NaN,NaN,NaN,NaN,NaN,NaN,NaN,-0.0680824,NaN,NaN,NaN,NaN,NaN,NaN,NaN,NaN,NaN,NaN,-0.289002,NaN,NaN,22
36.9409,64.1269,190.488,-0.721012,NaN,NaN,0.744122,NaN,NaN,NaN,NaN,NaN,NaN,NaN,NaN,-0.285014,NaN,NaN,0.884337,0,0.979604,0.934296,0.932688,0.996335,NaN,NaN,NaN,NaN,NaN,NaN,NaN,-0.660228,NaN,NaN,NaN,-0.240713,NaN,NaN,-0.244901,NaN,NaN,NaN,-0.565974,NaN,0.0255722,0.382641,NaN,NaN,NaN,NaN,NaN,NaN,NaN,NaN,NaN,NaN,NaN,NaN,NaN,NaN,NaN,0.801484,NaN,0.191463,NaN,NaN,0.136799,NaN,NaN,NaN,NaN,NaN,NaN,NaN,NaN,NaN,NaN,NaN,NaN,NaN,NaN,NaN,NaN,NaN,NaN,-0.947308,NaN,NaN,NaN,NaN,NaN,NaN,NaN,NaN,NaN,NaN,NaN,NaN,-0.938842,NaN,NaN,NaN,NaN,NaN,NaN,NaN,NaN,NaN,NaN,NaN,NaN,NaN,NaN,NaN,NaN,NaN,NaN,NaN,NaN,NaN,NaN,NaN,NaN,NaN,NaN,NaN,NaN,0.462736,NaN,NaN,-0.978276,NaN,NaN,NaN,NaN,NaN,NaN,NaN,NaN,24
52.5593,59.4438,190.456,NaN,NaN,NaN,NaN,NaN,NaN,NaN,NaN,NaN,NaN,NaN,NaN,NaN,NaN,0.58261,0.70902,0.979604,0,0.442616,NaN,0.430274,0.665487,NaN,NaN,NaN,NaN,NaN,NaN,NaN,NaN,NaN,NaN,NaN,0.81236,NaN,NaN,NaN,NaN,NaN,NaN,NaN,NaN,NaN,0.428264,NaN,NaN,NaN,NaN,NaN,NaN,NaN,-0.77962,NaN,NaN,NaN,NaN,NaN,NaN,-0.486227,NaN,NaN,NaN,NaN,NaN,NaN,NaN,NaN,NaN,NaN,NaN,NaN,NaN,NaN,NaN,NaN,NaN,NaN,NaN,-0.950893,0.332048,NaN,NaN,NaN,NaN,NaN,NaN,NaN,NaN,NaN,NaN,NaN,NaN,-0.0321423,NaN,NaN,NaN,NaN,NaN,NaN,NaN,NaN,NaN,-0.30913,NaN,NaN,NaN,NaN,NaN,0.402573,NaN,NaN,NaN,NaN,NaN,NaN,NaN,NaN,NaN,NaN,NaN,-0.539008,-0.768731,NaN,NaN,NaN,0.673634,NaN,NaN,NaN,NaN,NaN,NaN,NaN,NaN,NaN,NaN,25
87.9471,31.1586,189.864,NaN,NaN,NaN,NaN,NaN,NaN,0.0711332,NaN,NaN,NaN,NaN,NaN,NaN,NaN,0.763009,0.956195,0.934296,0.442616,0,0.612483,0.813641,0.861746,NaN,NaN,NaN,-0.0473388,NaN,NaN,NaN,-0.539408,NaN,-0.502495,NaN,NaN,NaN,NaN,NaN,NaN,NaN,NaN,NaN,NaN,NaN,NaN,NaN,NaN,NaN,-0.249914,NaN,NaN,NaN,-0.913027,NaN,NaN,NaN,NaN,-0.419056,NaN,NaN,NaN,NaN,-0.201428,NaN,NaN,NaN,NaN,NaN,NaN,NaN,-0.31932,NaN,NaN,NaN,NaN,NaN,NaN,NaN,NaN,NaN,NaN,NaN,NaN,NaN,NaN,NaN,NaN,NaN,NaN,NaN,-0.249436,NaN,-0.737186,NaN,NaN,NaN,NaN,NaN,NaN,NaN,NaN,NaN,NaN,NaN,NaN,NaN,NaN,NaN,NaN,NaN,NaN,NaN,NaN,NaN,NaN,NaN,NaN,NaN,NaN,NaN,NaN,NaN,NaN,NaN,NaN,NaN,NaN,NaN,NaN,NaN,NaN,NaN,NaN,NaN,NaN,NaN,NaN,26
69.4539,74.6911,189.96,NaN,NaN,0.0324717,NaN,NaN,0.879328,NaN,NaN,NaN,NaN,0.0290622,NaN,NaN,NaN,0.981027,0.946206,0.932688,NaN,0.612483,0,0.712251,0.873153,NaN,NaN,NaN,NaN,NaN,NaN,NaN,NaN,NaN,NaN,NaN,NaN,NaN,NaN,NaN,NaN,NaN,NaN,NaN,NaN,NaN,NaN,NaN,NaN,NaN,NaN,NaN,NaN,NaN,NaN,-0.352521,0.96815,NaN,NaN,NaN,NaN,NaN,NaN,NaN,NaN,NaN,NaN,NaN,NaN,NaN,NaN,-0.408738,NaN,NaN,NaN,NaN,NaN,NaN,NaN,NaN,NaN,NaN,NaN,NaN,NaN,NaN,NaN,NaN,NaN,NaN,NaN,NaN,NaN,NaN,NaN,NaN,NaN,NaN,NaN,NaN,NaN,NaN,NaN,NaN,NaN,NaN,NaN,NaN,NaN,NaN,NaN,NaN,NaN,NaN,NaN,NaN,0.00312408,NaN,NaN,NaN,NaN,NaN,NaN,NaN,0.073893,NaN,0.452483,NaN,NaN,NaN,NaN,NaN,NaN,NaN,NaN,NaN,NaN,NaN,NaN,27
43.4435,14.5074,189.698,NaN,NaN,NaN,NaN,-0.643251,-0.429057,NaN,NaN,NaN,NaN,NaN,NaN,0.316873,NaN,0.859202,0.974463,0.996335,0.430274,0.813641,0.712251,0,0.855942,NaN,NaN,NaN,NaN,NaN,NaN,NaN,NaN,-0.115569,NaN,NaN,NaN,NaN,NaN,NaN,0.727379,NaN,NaN,NaN,NaN,NaN,NaN,NaN,NaN,NaN,NaN,NaN,NaN,NaN,NaN,NaN,NaN,NaN,NaN,NaN,NaN,NaN,NaN,NaN,NaN,NaN,-0.799618,NaN,NaN,NaN,NaN,NaN,NaN,NaN,NaN,NaN,NaN,NaN,NaN,NaN,0.877249,NaN,NaN,NaN,NaN,NaN,NaN,NaN,-0.810773,NaN,NaN,NaN,NaN,NaN,NaN,NaN,-0.0613386,NaN,NaN,NaN,NaN,NaN,NaN,NaN,NaN,NaN,NaN,NaN,NaN,NaN,NaN,NaN,NaN,NaN,NaN,NaN,NaN,NaN,NaN,NaN,NaN,NaN,NaN,NaN,NaN,NaN,NaN,-0.297575,NaN,-0.791481,NaN,NaN,0.351826,NaN,NaN,NaN,NaN,NaN,NaN,29
23.7143,53.8309,189.484,NaN,0.426267,NaN,NaN,NaN,NaN,NaN,NaN,NaN,NaN,NaN,NaN,NaN,NaN,NaN,0.599534,NaN,0.665487,0.861746,0.873153,0.855942,0,NaN,NaN,NaN,NaN,NaN,NaN,NaN,NaN,NaN,NaN,NaN,NaN,NaN,0.329225,NaN,NaN,-0.925545,NaN,NaN,NaN,NaN,NaN,NaN,NaN,0.347474,NaN,NaN,-0.105192,NaN,NaN,-0.30597,NaN,NaN,NaN,NaN,NaN,NaN,NaN,NaN,NaN,NaN,NaN,NaN,NaN,NaN,NaN,NaN,NaN,NaN,NaN,0.322594,NaN,0.687173,NaN,NaN,NaN,NaN,NaN,NaN,-0.0465465,NaN,NaN,NaN,NaN,NaN,NaN,NaN,NaN,NaN,NaN,NaN,NaN,NaN,NaN,NaN,0.545402,NaN,NaN,NaN,NaN,NaN,NaN,NaN,NaN,NaN,NaN,NaN,NaN,0.172332,NaN,NaN,NaN,NaN,NaN,NaN,NaN,NaN,-0.740582,NaN,NaN,NaN,NaN,NaN,NaN,NaN,NaN,NaN,NaN,NaN,NaN,NaN,NaN,NaN,NaN,30
32.8499,28.5015,126.433,NaN,NaN,NaN,NaN,NaN,NaN,NaN,NaN,NaN,NaN,NaN,NaN,NaN,NaN,NaN,NaN,NaN,NaN,NaN,NaN,NaN,NaN,0,NaN,0.469875,0.72629,0.637615,0.622021,0.669583,0.953557,NaN,NaN,NaN,NaN,NaN,NaN,-0.154572,NaN,NaN,NaN,NaN,NaN,NaN,NaN,NaN,NaN,NaN,NaN,NaN,NaN,NaN,NaN,0.713948,NaN,NaN,NaN,NaN,NaN,NaN,NaN,NaN,NaN,NaN,NaN,NaN,NaN,NaN,NaN,0.149198,NaN,NaN,NaN,NaN,NaN,NaN,NaN,NaN,NaN,NaN,NaN,NaN,NaN,0.943647,-0.479773,NaN,NaN,NaN,NaN,NaN,NaN,0.61066,NaN,NaN,NaN,NaN,NaN,NaN,NaN,NaN,NaN,-0.207225,NaN,NaN,NaN,NaN,NaN,NaN,0.973374,NaN,NaN,NaN,NaN,NaN,NaN,NaN,NaN,-0.426238,NaN,NaN,NaN,NaN,NaN,NaN,NaN,NaN,NaN,NaN,NaN,NaN,-0.103293,NaN,NaN,NaN,NaN,NaN,NaN,32
22.8322,93.2231,126.309,NaN,NaN,NaN,NaN,NaN,-0.00647249,NaN,NaN,NaN,NaN,NaN,NaN,NaN,NaN,NaN,NaN,NaN,NaN,NaN,NaN,NaN,NaN,NaN,0,0.470193,0.81532,0.873677,0.961269,0.989041,0.589423,NaN,NaN,0.126711,0.824101,NaN,NaN,NaN,0.120193,NaN,NaN,NaN,NaN,NaN,NaN,NaN,NaN,NaN,NaN,NaN,-0.841331,NaN,NaN,NaN,NaN,NaN,NaN,NaN,NaN,NaN,NaN,NaN,NaN,NaN,NaN,NaN,NaN,-0.506685,NaN,NaN,NaN,NaN,NaN,NaN,-0.685315,NaN,-0.897458,NaN,NaN,NaN,NaN,-0.416146,NaN,NaN,NaN,NaN,NaN,NaN,0.0358432,NaN,NaN,NaN,-0.361511,NaN,NaN,NaN,NaN,NaN,NaN,NaN,NaN,NaN,NaN,NaN,NaN,NaN,NaN,-0.353138,NaN,NaN,NaN,NaN,NaN,NaN,-0.540442,NaN,NaN,NaN,NaN,NaN,0.652262,NaN,NaN,0.96186,NaN,NaN,NaN,NaN,NaN,NaN,NaN,NaN,NaN,-0.743365,NaN,NaN,NaN,33
56.423,24.2092,127.715,NaN,NaN,-0.338307,0.220245,-0.101906,-0.725544,NaN,NaN,NaN,NaN,NaN,0.545562,NaN,NaN,NaN,0.706946,NaN,NaN,NaN,NaN,NaN,NaN,0.469875,0.470193,0,0.933902,0.718738,0.827126,0.974964,0.996503,NaN,NaN,NaN,NaN,NaN,NaN,NaN,NaN,NaN,NaN,0.825961,NaN,-0.53196,NaN,NaN,NaN,NaN,NaN,NaN,NaN,NaN,NaN,NaN,NaN,NaN,NaN,NaN,NaN,0.180513,NaN,NaN,NaN,NaN,NaN,NaN,NaN,NaN,NaN,NaN,NaN,NaN,NaN,NaN,NaN,NaN,NaN,0.416805,NaN,NaN,NaN,NaN,-0.522578,NaN,NaN,NaN,NaN,NaN,NaN,NaN,NaN,NaN,NaN,NaN,NaN,NaN,NaN,NaN,NaN,0.353752,0.892645,NaN,NaN,NaN,NaN,NaN,NaN,NaN,NaN,NaN,NaN,NaN,NaN,NaN,NaN,NaN,NaN,NaN,NaN,NaN,NaN,NaN,NaN,NaN,NaN,NaN,NaN,NaN,NaN,NaN,NaN,NaN,NaN,-0.830748,NaN,NaN,NaN,35
23.9647,105.584,125.753,NaN,NaN,NaN,NaN,NaN,NaN,NaN,NaN,NaN,NaN,NaN,NaN,NaN,NaN,-0.0747388,NaN,NaN,NaN,-0.0473388,NaN,NaN,NaN,0.72629,0.81532,0.933902,0,0.774836,NaN,0.968696,0.665807,NaN,-0.334259,NaN,NaN,NaN,-0.00881235,NaN,NaN,NaN,NaN,NaN,NaN,NaN,NaN,NaN,NaN,NaN,NaN,-0.526511,NaN,NaN,NaN,NaN,NaN,NaN,NaN,NaN,-0.472538,NaN,NaN,NaN,0.372871,NaN,NaN,NaN,-0.884884,NaN,NaN,NaN,NaN,0.791865,NaN,NaN,NaN,-0.13151,NaN,NaN,NaN,NaN,NaN,NaN,NaN,NaN,NaN,NaN,-0.733018,NaN,NaN,NaN,NaN,NaN,NaN,NaN,NaN,NaN,NaN,NaN,NaN,NaN,NaN,NaN,NaN,NaN,0.371442,NaN,NaN,NaN,NaN,NaN,NaN,NaN,NaN,NaN,NaN,NaN,-0.772385,0.28955,NaN,NaN,NaN,NaN,NaN,NaN,-0.797284,NaN,NaN,NaN,NaN,NaN,NaN,NaN,NaN,NaN,NaN,NaN,NaN,36
96.5391,71.5162,126.74,NaN,NaN,NaN,NaN,NaN,NaN,NaN,NaN,0.52386,NaN,NaN,-0.973851,NaN,NaN,NaN,NaN,NaN,NaN,NaN,NaN,NaN,NaN,0.637615,0.873677,0.718738,0.774836,0,0.878033,0.970726,0.972983,NaN,NaN,-0.449479,NaN,NaN,NaN,NaN,NaN,NaN,NaN,NaN,NaN,NaN,NaN,0.0298604,NaN,NaN,NaN,NaN,NaN,NaN,NaN,NaN,NaN,NaN,NaN,NaN,NaN,NaN,NaN,NaN,NaN,NaN,NaN,NaN,NaN,NaN,NaN,NaN,NaN,NaN,NaN,NaN,NaN,NaN,NaN,NaN,NaN,-0.113384,NaN,NaN,NaN,NaN,NaN,NaN,NaN,NaN,NaN,NaN,NaN,-0.0675803,NaN,NaN,NaN,NaN,NaN,NaN,NaN,NaN,NaN,NaN,NaN,NaN,NaN,NaN,NaN,NaN,0.98753,NaN,NaN,NaN,NaN,NaN,NaN,NaN,NaN,NaN,NaN,-0.788201,0.498278,NaN,NaN,NaN,NaN,NaN,NaN,NaN,NaN,NaN,NaN,NaN,NaN,NaN,NaN,NaN,-0.569298,37
72.7237,98.9132,126.751,NaN,-0.344004,NaN,NaN,NaN,NaN,NaN,NaN,NaN,NaN,NaN,NaN,NaN,NaN,NaN,-0.413354,NaN,NaN,NaN,NaN,NaN,NaN,0.622021,0.961269,0.827126,NaN,0.878033,0,0.247888,0.892509,NaN,NaN,NaN,NaN,NaN,NaN,NaN,-0.683517,NaN,NaN,0.842629,NaN,NaN,-0.149927,0.949852,NaN,NaN,NaN,NaN,NaN,NaN,NaN,NaN,NaN,NaN,NaN,NaN,-0.271013,NaN,NaN,NaN,NaN,NaN,NaN,NaN,NaN,NaN,-0.00140425,NaN,-0.257277,NaN,NaN,NaN,0.879508,NaN,NaN,NaN,NaN,NaN,0.586201,NaN,NaN,NaN,NaN,NaN,NaN,NaN,NaN,NaN,0.177076,NaN,NaN,NaN,NaN,NaN,NaN,NaN,NaN,NaN,NaN,NaN,NaN,NaN,-0.182248,NaN,NaN,NaN,NaN,NaN,NaN,NaN,NaN,NaN,NaN,NaN,NaN,NaN,NaN,NaN,NaN,NaN,-0.62207,NaN,0.310595,NaN,NaN,NaN,NaN,NaN,NaN,NaN,NaN,NaN,NaN,NaN,NaN,38
64.9271,34.0745,127.166,NaN,NaN,NaN,NaN,NaN,NaN,NaN,NaN,NaN,NaN,NaN,NaN,NaN,NaN,NaN,NaN,-0.660228,NaN,NaN,NaN,NaN,NaN,0.669583,0.989041,0.974964,0.968696,0.970726,0.247888,0,0.891049,NaN,NaN,NaN,NaN,NaN,NaN,NaN,NaN,NaN,NaN,NaN,NaN,NaN,NaN,NaN,NaN,NaN,NaN,NaN,NaN,NaN,NaN,NaN,NaN,NaN,NaN,NaN,NaN,NaN,NaN,-0.0649035,NaN,NaN,NaN,NaN,NaN,0.795019,NaN,NaN,NaN,NaN,NaN,NaN,NaN,NaN,NaN,NaN,NaN,NaN,NaN,NaN,NaN,NaN,NaN,0.497913,NaN,0.225781,NaN,0.0102708,NaN,NaN,NaN,NaN,-0.0448293,NaN,NaN,NaN,NaN,NaN,NaN,NaN,-0.625847,NaN,NaN,NaN,NaN,NaN,NaN,NaN,NaN,NaN,NaN,NaN,NaN,NaN,NaN,NaN,NaN,NaN,NaN,NaN,NaN,NaN,NaN,NaN,NaN,0.990869,NaN,NaN,NaN,NaN,NaN,NaN,NaN,NaN,NaN,39
38.8947,108.198,127.329,NaN,NaN,NaN,NaN,NaN,NaN,NaN,NaN,NaN,NaN,NaN,NaN,NaN,NaN,NaN,NaN,NaN,NaN,-0.539408,NaN,NaN,NaN,0.953557,0.589423,0.996503,0.665807,0.972983,0.892509,0.891049,0,NaN,NaN,NaN,NaN,-0.141669,NaN,NaN,NaN,NaN,0.435346,NaN,NaN,NaN,NaN,NaN,NaN,NaN,NaN,NaN,NaN,NaN,NaN,NaN,NaN,NaN,NaN,NaN,NaN,NaN,0.268216,NaN,NaN,NaN,NaN,NaN,0.886153,NaN,NaN,0.566598,NaN,NaN,-0.50566,NaN,NaN,0.197344,NaN,NaN,NaN,NaN,NaN,NaN,NaN,NaN,NaN,NaN,-0.489384,NaN,NaN,NaN,NaN,NaN,0.924706,NaN,NaN,NaN,NaN,NaN,NaN,NaN,NaN,NaN,NaN,NaN,NaN,-0.911124,NaN,NaN,0.0101369,NaN,NaN,NaN,NaN,NaN,NaN,0.288397,NaN,NaN,NaN,NaN,NaN,NaN,NaN,NaN,NaN,NaN,NaN,NaN,NaN,NaN,NaN,NaN,NaN,NaN,NaN,NaN,-0.564911,40
11.331,46.0042,165.132,NaN,NaN,NaN,NaN,NaN,NaN,NaN,-0.196815,-0.0413213,NaN,NaN,NaN,NaN,NaN,NaN,NaN,NaN,NaN,NaN,NaN,-0.115569,NaN,NaN,NaN,NaN,NaN,NaN,NaN,NaN,NaN,0,0.972836,0.810377,0.947906,NaN,0.870214,NaN,NaN,NaN,NaN,NaN,NaN,NaN,NaN,NaN,NaN,NaN,0.430596,NaN,NaN,NaN,NaN,NaN,NaN,NaN,NaN,NaN,NaN,NaN,NaN,NaN,NaN,NaN,NaN,NaN,NaN,NaN,NaN,NaN,NaN,NaN,NaN,NaN,NaN,NaN,NaN,NaN,NaN,NaN,NaN,NaN,NaN,NaN,NaN,-0.0213681,NaN,NaN,NaN,0.60504,NaN,NaN,NaN,NaN,NaN,NaN,NaN,0.513177,-0.812288,NaN,NaN,NaN,NaN,NaN,NaN,NaN,NaN,NaN,NaN,NaN,-0.0947568,NaN,NaN,NaN,NaN,NaN,NaN,NaN,NaN,NaN,NaN,NaN,NaN,NaN,NaN,NaN,NaN,NaN,NaN,NaN,NaN,NaN,NaN,NaN,NaN,NaN,-0.460467,43
38.8095,64.6608,168.241,NaN,NaN,NaN,NaN,NaN,0.274928,NaN,NaN,NaN,NaN,0.303945,0.58289,NaN,NaN,NaN,NaN,NaN,NaN,-0.502495,NaN,NaN,NaN,NaN,NaN,NaN,-0.334259,NaN,NaN,NaN,NaN,0.972836,0,0.837564,0.953571,0.965524,0.877793,NaN,NaN,NaN,NaN,NaN,NaN,NaN,NaN,NaN,NaN,NaN,NaN,NaN,NaN,NaN,NaN,NaN,NaN,NaN,NaN,NaN,NaN,-0.173303,NaN,NaN,NaN,NaN,NaN,NaN,NaN,NaN,NaN,NaN,NaN,NaN,NaN,0.622936,NaN,NaN,NaN,NaN,0.108902,NaN,NaN,NaN,NaN,0.782474,0.236727,NaN,NaN,NaN,NaN,NaN,NaN,NaN,NaN,NaN,NaN,NaN,NaN,NaN,NaN,NaN,0.018506,NaN,0.89325,NaN,NaN,NaN,NaN,0.564677,NaN,NaN,NaN,NaN,NaN,NaN,NaN,-0.239324,NaN,NaN,NaN,NaN,0.743926,NaN,NaN,NaN,NaN,NaN,NaN,0.163836,NaN,NaN,NaN,NaN,NaN,NaN,NaN,NaN,NaN,44
32.894,65.4195,167.247,NaN,NaN,NaN,NaN,-0.290686,NaN,NaN,NaN,NaN,NaN,NaN,NaN,NaN,0.355756,NaN,NaN,-0.240713,NaN,NaN,NaN,NaN,NaN,NaN,0.126711,NaN,NaN,-0.449479,NaN,NaN,NaN,0.810377,0.837564,0,0.918406,0.303544,0.848206,NaN,NaN,NaN,NaN,NaN,NaN,NaN,NaN,NaN,NaN,NaN,NaN,NaN,NaN,0.910761,NaN,NaN,NaN,NaN,NaN,NaN,-0.70649,NaN,NaN,NaN,NaN,0.364567,NaN,0.355801,NaN,NaN,0.445691,NaN,NaN,NaN,NaN,NaN,NaN,NaN,NaN,NaN,NaN,-0.21576,NaN,NaN,NaN,NaN,NaN,NaN,NaN,NaN,NaN,NaN,NaN,NaN,-0.590625,NaN,NaN,0.40117,NaN,NaN,NaN,NaN,NaN,NaN,NaN,NaN,NaN,NaN,NaN,NaN,0.303292,NaN,-0.452659,NaN,-0.443304,NaN,NaN,NaN,NaN,NaN,NaN,0.842664,NaN,NaN,NaN,NaN,NaN,NaN,NaN,NaN,NaN,NaN,NaN,NaN,NaN,NaN,NaN,0.876358,NaN,45
20.1562,22.9118,166.457,NaN,NaN,NaN,NaN,NaN,NaN,NaN,NaN,NaN,NaN,NaN,NaN,NaN,NaN,NaN,NaN,NaN,0.81236,NaN,NaN,NaN,NaN,NaN,0.824101,NaN,NaN,NaN,NaN,NaN,NaN,0.947906,0.953571,0.918406,0,0.455801,0.582859,NaN,NaN,NaN,NaN,NaN,NaN,NaN,NaN,NaN,NaN,-0.462859,NaN,NaN,NaN,NaN,0.579935,NaN,NaN,NaN,NaN,NaN,NaN,NaN,-0.472877,NaN,NaN,NaN,NaN,NaN,NaN,NaN,NaN,NaN,NaN,NaN,NaN,NaN,NaN,NaN,NaN,NaN,NaN,NaN,NaN,NaN,NaN,NaN,NaN,NaN,NaN,NaN,NaN,-0.440331,NaN,NaN,NaN,NaN,NaN,NaN,NaN,0.91938,NaN,NaN,NaN,NaN,NaN,NaN,NaN,NaN,NaN,NaN,NaN,NaN,NaN,NaN,NaN,NaN,NaN,NaN,NaN,NaN,NaN,NaN,-0.251283,NaN,NaN,NaN,NaN,-0.365983,NaN,-0.167145,NaN,NaN,NaN,NaN,NaN,NaN,NaN,NaN,NaN,46
47.426,88.1566,167.12,NaN,NaN,NaN,NaN,NaN,NaN,NaN,NaN,NaN,NaN,NaN,NaN,NaN,NaN,NaN,NaN,NaN,NaN,NaN,NaN,NaN,NaN,NaN,NaN,NaN,NaN,NaN,NaN,NaN,-0.141669,NaN,0.965524,0.303544,0.455801,0,0.628049,NaN,NaN,NaN,NaN,0.332034,NaN,NaN,NaN,NaN,NaN,NaN,NaN,0.575402,NaN,NaN,NaN,NaN,NaN,0.402956,NaN,NaN,NaN,NaN,NaN,NaN,NaN,NaN,NaN,NaN,NaN,NaN,NaN,NaN,NaN,NaN,NaN,NaN,-0.267503,-0.377789,NaN,NaN,NaN,NaN,NaN,NaN,NaN,NaN,-0.771473,NaN,NaN,NaN,NaN,NaN,NaN,NaN,NaN,NaN,NaN,-0.943477,NaN,NaN,0.302824,NaN,NaN,NaN,-0.873979,NaN,NaN,-0.577234,NaN,NaN,NaN,NaN,NaN,NaN,NaN,NaN,NaN,0.621715,NaN,NaN,NaN,NaN,NaN,0.355344,NaN,NaN,NaN,0.994519,-0.038131,-0.486967,NaN,NaN,NaN,NaN,NaN,NaN,NaN,NaN,NaN,47
15.4686,85.3207,167.408,0.714145,NaN,NaN,NaN,NaN,NaN,NaN,NaN,NaN,NaN,NaN,NaN,NaN,NaN,NaN,0.161978,-0.244901,NaN,NaN,NaN,NaN,0.329225,NaN,NaN,NaN,-0.00881235,NaN,NaN,NaN,NaN,0.870214,0.877793,0.848206,0.582859,0.628049,0,NaN,0.186736,NaN,NaN,NaN,NaN,NaN,NaN,NaN,NaN,NaN,NaN,NaN,NaN,NaN,NaN,NaN,NaN,NaN,NaN,NaN,NaN,NaN,NaN,NaN,NaN,NaN,-0.396717,NaN,NaN,NaN,NaN,NaN,NaN,NaN,NaN,NaN,NaN,NaN,NaN,NaN,NaN,NaN,NaN,NaN,NaN,NaN,NaN,NaN,NaN,NaN,NaN,0.973034,NaN,NaN,NaN,NaN,-0.414074,NaN,NaN,NaN,NaN,NaN,NaN,NaN,NaN,NaN,NaN,NaN,NaN,NaN,NaN,NaN,NaN,NaN,NaN,NaN,NaN,NaN,NaN,NaN,NaN,0.366992,NaN,NaN,NaN,NaN,-0.471647,NaN,NaN,NaN,NaN,NaN,NaN,NaN,NaN,NaN,NaN,NaN,NaN,50
33.6087,88.2331,111.546,NaN,NaN,NaN,-0.329949,NaN,NaN,NaN,0.593745,NaN,NaN,NaN,0.53314,NaN,NaN,NaN,NaN,NaN,NaN,NaN,NaN,NaN,NaN,-0.154572,NaN,NaN,NaN,NaN,NaN,NaN,NaN,NaN,NaN,NaN,NaN,NaN,NaN,0,0.894914,0.892623,0.676841,0.946342,0.963624,0.908366,NaN,NaN,NaN,NaN,NaN,NaN,NaN,NaN,NaN,0.0402554,0.61048,NaN,NaN,NaN,NaN,NaN,NaN,NaN,NaN,NaN,NaN,NaN,NaN,NaN,NaN,NaN,NaN,NaN,NaN,NaN,NaN,NaN,NaN,NaN,NaN,NaN,NaN,NaN,NaN,NaN,NaN,NaN,NaN,NaN,NaN,NaN,NaN,NaN,NaN,NaN,NaN,NaN,NaN,NaN,NaN,NaN,NaN,NaN,0.348156,NaN,-0.486833,NaN,NaN,NaN,NaN,NaN,NaN,NaN,NaN,NaN,NaN,NaN,NaN,NaN,NaN,NaN,NaN,NaN,NaN,NaN,NaN,NaN,NaN,NaN,NaN,NaN,NaN,NaN,NaN,NaN,NaN,NaN,NaN,51
13.5584,19.0592,111.398,NaN,NaN,NaN,NaN,NaN,NaN,-0.32768,NaN,NaN,NaN,NaN,NaN,0.450897,NaN,NaN,NaN,NaN,NaN,NaN,NaN,0.727379,NaN,NaN,0.120193,NaN,NaN,NaN,-0.683517,NaN,NaN,NaN,NaN,NaN,NaN,NaN,0.186736,0.894914,0,0.968833,0.925095,0.596234,0.663161,0.959435,NaN,NaN,NaN,NaN,NaN,NaN,NaN,NaN,0.781319,NaN,NaN,NaN,NaN,NaN,NaN,NaN,NaN,NaN,NaN,NaN,NaN,NaN,NaN,NaN,NaN,NaN,NaN,NaN,NaN,NaN,NaN,NaN,NaN,NaN,NaN,NaN,NaN,NaN,NaN,NaN,NaN,NaN,NaN,NaN,NaN,NaN,NaN,NaN,NaN,NaN,NaN,NaN,NaN,NaN,NaN,NaN,NaN,NaN,NaN,NaN,NaN,NaN,NaN,NaN,NaN,NaN,NaN,NaN,NaN,NaN,NaN,NaN,NaN,0.19773,NaN,NaN,NaN,NaN,NaN,NaN,NaN,NaN,NaN,-0.966973,NaN,0.312748,NaN,NaN,NaN,NaN,NaN,NaN,NaN,52
103.55,18.9492,108.831,NaN,NaN,NaN,NaN,NaN,NaN,NaN,NaN,-0.718465,NaN,NaN,NaN,NaN,NaN,NaN,NaN,NaN,NaN,NaN,NaN,NaN,-0.925545,NaN,NaN,NaN,NaN,NaN,NaN,NaN,NaN,NaN,NaN,NaN,NaN,NaN,NaN,0.892623,0.968833,0,0.826195,0.964252,0.900352,0.507399,NaN,NaN,NaN,NaN,NaN,NaN,-0.812999,NaN,NaN,NaN,NaN,NaN,NaN,-0.95504,0.214585,NaN,NaN,NaN,NaN,-0.629375,NaN,0.564712,NaN,NaN,NaN,NaN,NaN,NaN,NaN,NaN,NaN,NaN,NaN,NaN,NaN,NaN,NaN,NaN,NaN,NaN,0.703422,NaN,0.102716,NaN,-0.046116,NaN,NaN,NaN,NaN,NaN,NaN,NaN,NaN,NaN,NaN,NaN,NaN,NaN,NaN,NaN,-0.672232,NaN,NaN,NaN,NaN,NaN,NaN,NaN,NaN,NaN,NaN,NaN,0.585664,NaN,NaN,NaN,NaN,NaN,NaN,NaN,NaN,NaN,NaN,0.143313,NaN,NaN,NaN,NaN,NaN,NaN,NaN,NaN,NaN,54
49.6485,10.391,111.186,NaN,NaN,NaN,NaN,NaN,NaN,0.280083,NaN,NaN,NaN,NaN,NaN,NaN,NaN,NaN,NaN,-0.565974,NaN,NaN,NaN,NaN,NaN,NaN,NaN,NaN,NaN,NaN,NaN,NaN,0.435346,NaN,NaN,NaN,NaN,NaN,NaN,0.676841,0.925095,0.826195,0,0.975711,0.760684,0.808492,NaN,NaN,NaN,NaN,NaN,NaN,NaN,NaN,NaN,NaN,NaN,NaN,-0.686813,NaN,NaN,NaN,NaN,NaN,NaN,NaN,NaN,NaN,NaN,NaN,NaN,NaN,NaN,NaN,-0.100344,NaN,NaN,-0.937428,NaN,NaN,NaN,NaN,NaN,NaN,NaN,0.560892,NaN,NaN,NaN,NaN,0.183543,NaN,NaN,0.305632,-0.0461408,NaN,NaN,NaN,0.0237202,NaN,NaN,NaN,NaN,NaN,NaN,NaN,NaN,NaN,NaN,NaN,NaN,NaN,0.820715,NaN,NaN,NaN,NaN,NaN,NaN,NaN,NaN,NaN,-0.250083,NaN,NaN,NaN,NaN,-0.340252,NaN,NaN,NaN,NaN,NaN,NaN,NaN,NaN,NaN,NaN,NaN,56
53.327,90.7956,112.588,NaN,NaN,NaN,NaN,NaN,NaN,NaN,NaN,NaN,NaN,NaN,NaN,NaN,NaN,NaN,NaN,NaN,NaN,NaN,NaN,NaN,NaN,NaN,NaN,0.825961,NaN,NaN,0.842629,NaN,NaN,NaN,NaN,NaN,NaN,0.332034,NaN,0.946342,0.596234,0.964252,0.975711,0,NaN,0.986719,NaN,NaN,NaN,NaN,NaN,NaN,NaN,NaN,NaN,NaN,NaN,NaN,0.338169,NaN,NaN,NaN,NaN,NaN,NaN,NaN,NaN,NaN,-0.283389,NaN,NaN,NaN,NaN,NaN,NaN,NaN,NaN,NaN,NaN,0.428237,NaN,NaN,NaN,NaN,NaN,NaN,NaN,NaN,NaN,NaN,NaN,NaN,NaN,0.920224,0.383561,NaN,NaN,NaN,NaN,NaN,NaN,NaN,0.0938125,NaN,NaN,NaN,NaN,NaN,-0.338421,NaN,NaN,NaN,NaN,NaN,NaN,NaN,NaN,0.64415,NaN,NaN,0.190521,NaN,NaN,NaN,NaN,NaN,NaN,NaN,NaN,NaN,NaN,NaN,NaN,NaN,NaN,NaN,NaN,0.754124,NaN,57
23.4938,75.3502,114.465,NaN,NaN,NaN,NaN,NaN,NaN,NaN,0.632432,NaN,NaN,NaN,NaN,NaN,NaN,-0.385884,NaN,0.0255722,NaN,NaN,NaN,NaN,NaN,NaN,NaN,NaN,NaN,NaN,NaN,NaN,NaN,NaN,NaN,NaN,NaN,NaN,NaN,0.963624,0.663161,0.900352,0.760684,NaN,0,0.986367,NaN,NaN,NaN,NaN,NaN,NaN,NaN,NaN,NaN,NaN,0.967453,NaN,NaN,0.683558,0.0375216,NaN,NaN,NaN,NaN,-0.956571,NaN,NaN,NaN,NaN,0.274528,NaN,NaN,NaN,NaN,NaN,NaN,NaN,NaN,NaN,NaN,NaN,NaN,NaN,NaN,0.320077,NaN,NaN,0.746655,-0.644081,NaN,NaN,NaN,NaN,NaN,NaN,NaN,0.92847,NaN,NaN,NaN,NaN,NaN,NaN,NaN,NaN,0.72042,0.403557,NaN,NaN,NaN,NaN,-0.951201,NaN,NaN,NaN,NaN,NaN,NaN,NaN,-0.592583,NaN,NaN,NaN,NaN,NaN,NaN,NaN,NaN,NaN,NaN,NaN,NaN,NaN,NaN,NaN,NaN,NaN,NaN,58
29.5635,63.1911,111.728,NaN,NaN,NaN,NaN,0.380428,NaN,NaN,NaN,NaN,-0.438826,NaN,NaN,NaN,NaN,NaN,NaN,0.382641,NaN,NaN,NaN,NaN,NaN,NaN,NaN,-0.53196,NaN,NaN,NaN,NaN,NaN,NaN,NaN,NaN,NaN,NaN,NaN,0.908366,0.959435,0.507399,0.808492,0.986719,0.986367,0,NaN,NaN,NaN,NaN,NaN,NaN,NaN,-0.276526,0.86492,NaN,NaN,NaN,NaN,NaN,NaN,NaN,-0.153109,NaN,-0.778519,NaN,NaN,NaN,0.399354,NaN,NaN,NaN,NaN,NaN,NaN,-0.560723,NaN,NaN,-0.942945,NaN,NaN,NaN,NaN,NaN,NaN,NaN,NaN,NaN,NaN,NaN,NaN,NaN,NaN,NaN,NaN,NaN,-0.058162,NaN,NaN,NaN,NaN,NaN,NaN,NaN,NaN,NaN,NaN,NaN,-0.673249,-0.94314,0.124229,NaN,NaN,NaN,NaN,0.946297,NaN,NaN,NaN,NaN,NaN,NaN,NaN,NaN,NaN,NaN,NaN,NaN,0.0310555,NaN,NaN,NaN,NaN,NaN,NaN,NaN,NaN,NaN,NaN,60
84.8591,49.7133,171.096,NaN,NaN,-0.0832182,NaN,NaN,NaN,NaN,NaN,NaN,NaN,NaN,NaN,-0.28903,NaN,NaN,NaN,NaN,0.428264,NaN,NaN,NaN,NaN,NaN,NaN,NaN,NaN,NaN,-0.149927,NaN,NaN,NaN,NaN,NaN,NaN,NaN,NaN,NaN,NaN,NaN,NaN,NaN,NaN,NaN,0,0.809485,0.928744,0.863827,0.493932,NaN,NaN,NaN,NaN,NaN,NaN,NaN,NaN,0.74205,NaN,NaN,NaN,NaN,NaN,NaN,NaN,NaN,NaN,NaN,NaN,NaN,NaN,NaN,NaN,NaN,NaN,NaN,NaN,NaN,NaN,NaN,NaN,NaN,NaN,NaN,NaN,NaN,NaN,NaN,NaN,NaN,NaN,NaN,NaN,NaN,NaN,NaN,-0.826612,NaN,NaN,NaN,0.0537782,NaN,0.532723,NaN,NaN,NaN,NaN,NaN,NaN,NaN,NaN,NaN,NaN,NaN,NaN,NaN,NaN,NaN,NaN,0.913331,NaN,NaN,NaN,NaN,0.364199,NaN,NaN,NaN,NaN,NaN,NaN,NaN,-0.972324,NaN,NaN,NaN,NaN,61
87.715,16.9059,171.009,NaN,0.136978,NaN,NaN,NaN,NaN,0.834112,NaN,NaN,NaN,NaN,NaN,NaN,NaN,0.539806,NaN,NaN,NaN,NaN,NaN,NaN,NaN,NaN,NaN,NaN,NaN,0.0298604,0.949852,NaN,NaN,NaN,NaN,NaN,NaN,NaN,NaN,NaN,NaN,NaN,NaN,NaN,NaN,NaN,0.809485,0,0.97193,0.757145,0.971324,0.860062,NaN,NaN,NaN,NaN,NaN,-0.654688,NaN,NaN,NaN,NaN,NaN,NaN,NaN,NaN,NaN,NaN,NaN,NaN,NaN,NaN,0.65919,0.830008,NaN,0.966178,NaN,NaN,NaN,NaN,NaN,NaN,NaN,NaN,NaN,NaN,NaN,-0.523392,NaN,NaN,NaN,NaN,NaN,NaN,NaN,NaN,NaN,NaN,NaN,NaN,NaN,NaN,-0.388246,NaN,NaN,NaN,NaN,NaN,NaN,-0.225406,NaN,NaN,-0.6377,NaN,-0.255642,NaN,NaN,NaN,NaN,NaN,NaN,NaN,NaN,NaN,NaN,0.61781,NaN,NaN,NaN,NaN,NaN,NaN,NaN,NaN,NaN,NaN,NaN,NaN,NaN,65
43.0106,43.4598,171.113,NaN,NaN,NaN,NaN,NaN,NaN,NaN,NaN,NaN,-0.658482,NaN,NaN,NaN,NaN,NaN,NaN,NaN,NaN,NaN,NaN,NaN,NaN,NaN,NaN,NaN,NaN,NaN,NaN,NaN,NaN,NaN,NaN,NaN,NaN,NaN,NaN,NaN,NaN,NaN,NaN,NaN,NaN,NaN,0.928744,0.97193,0,0.978283,0.934819,0.62454,NaN,NaN,NaN,NaN,NaN,NaN,NaN,NaN,-0.259279,NaN,NaN,NaN,NaN,NaN,NaN,NaN,NaN,NaN,NaN,0.638413,NaN,NaN,NaN,NaN,-0.205563,0.214716,NaN,NaN,NaN,NaN,NaN,NaN,NaN,-0.630849,NaN,NaN,NaN,NaN,-0.333198,NaN,NaN,NaN,NaN,NaN,NaN,NaN,NaN,0.222045,NaN,NaN,NaN,NaN,NaN,NaN,NaN,NaN,-0.701775,NaN,NaN,NaN,NaN,NaN,NaN,NaN,NaN,NaN,NaN,NaN,NaN,NaN,NaN,NaN,NaN,NaN,NaN,NaN,NaN,-0.841013,NaN,NaN,NaN,NaN,NaN,NaN,NaN,NaN,NaN,66
76.0527,32.0614,170.35,NaN,NaN,NaN,NaN,NaN,0.538928,NaN,NaN,0.603947,NaN,NaN,NaN,NaN,NaN,-0.755575,NaN,NaN,NaN,NaN,NaN,NaN,0.347474,NaN,NaN,NaN,NaN,NaN,NaN,NaN,NaN,NaN,NaN,NaN,-0.462859,NaN,NaN,NaN,NaN,NaN,NaN,NaN,NaN,NaN,0.863827,0.757145,0.978283,0,0.636106,0.965109,NaN,NaN,NaN,NaN,0.148735,NaN,-0.748321,NaN,NaN,0.880382,NaN,NaN,NaN,0.498481,NaN,NaN,NaN,NaN,NaN,NaN,NaN,-0.484798,NaN,NaN,NaN,NaN,NaN,NaN,NaN,NaN,NaN,NaN,NaN,NaN,0.897497,NaN,NaN,NaN,NaN,NaN,NaN,-0.245538,NaN,NaN,NaN,NaN,NaN,NaN,NaN,NaN,NaN,NaN,NaN,NaN,0.876751,NaN,NaN,NaN,NaN,-0.978214,NaN,NaN,NaN,NaN,NaN,NaN,NaN,NaN,0.646244,NaN,NaN,NaN,NaN,NaN,NaN,NaN,NaN,NaN,NaN,NaN,NaN,NaN,NaN,NaN,NaN,NaN,NaN,68
69.0451,22.6674,171.657,NaN,NaN,0.213513,NaN,NaN,NaN,NaN,NaN,NaN,NaN,NaN,NaN,NaN,NaN,NaN,NaN,NaN,NaN,-0.249914,NaN,NaN,NaN,NaN,NaN,NaN,NaN,NaN,NaN,NaN,NaN,0.430596,NaN,NaN,NaN,NaN,NaN,NaN,NaN,NaN,NaN,NaN,NaN,NaN,0.493932,0.971324,0.934819,0.636106,0,0.900869,NaN,0.40787,-0.19732,NaN,NaN,NaN,NaN,NaN,NaN,-0.535807,0.65852,NaN,NaN,NaN,NaN,NaN,NaN,NaN,NaN,NaN,NaN,NaN,NaN,NaN,NaN,NaN,NaN,NaN,NaN,NaN,NaN,0.980707,-0.260743,NaN,NaN,NaN,NaN,NaN,NaN,NaN,NaN,NaN,NaN,NaN,NaN,NaN,NaN,NaN,NaN,NaN,NaN,NaN,NaN,NaN,NaN,NaN,-0.423375,NaN,NaN,NaN,NaN,NaN,NaN,NaN,NaN,NaN,NaN,NaN,NaN,NaN,NaN,NaN,NaN,0.075061,NaN,NaN,NaN,NaN,NaN,NaN,NaN,NaN,NaN,NaN,NaN,NaN,NaN,69
15.682,65.0926,171.382,NaN,NaN,NaN,0.445582,NaN,NaN,NaN,NaN,NaN,NaN,NaN,NaN,NaN,NaN,NaN,NaN,NaN,NaN,NaN,NaN,NaN,NaN,NaN,NaN,NaN,-0.526511,NaN,NaN,NaN,NaN,NaN,NaN,NaN,NaN,0.575402,NaN,NaN,NaN,NaN,NaN,NaN,NaN,NaN,NaN,0.860062,0.62454,0.965109,0.900869,0,NaN,NaN,NaN,NaN,0.353675,0.506684,NaN,NaN,NaN,NaN,NaN,NaN,NaN,NaN,NaN,-0.707073,NaN,NaN,NaN,0.555647,NaN,NaN,0.0945877,NaN,NaN,NaN,NaN,NaN,NaN,0.573138,NaN,NaN,NaN,NaN,0.644377,NaN,NaN,NaN,NaN,NaN,NaN,NaN,NaN,-0.706089,NaN,NaN,NaN,NaN,NaN,NaN,NaN,NaN,NaN,NaN,-0.0297926,NaN,NaN,NaN,NaN,-0.192709,NaN,NaN,NaN,NaN,-0.460115,NaN,NaN,NaN,NaN,0.363549,NaN,NaN,NaN,NaN,0.358686,NaN,NaN,NaN,NaN,NaN,NaN,NaN,NaN,NaN,NaN,NaN,NaN,70
20.601,70.9206,199.185,NaN,NaN,NaN,NaN,NaN,NaN,0.849833,NaN,NaN,NaN,NaN,NaN,NaN,NaN,NaN,NaN,NaN,NaN,NaN,NaN,NaN,-0.105192,NaN,-0.841331,NaN,NaN,NaN,NaN,NaN,NaN,NaN,NaN,NaN,NaN,NaN,NaN,NaN,NaN,-0.812999,NaN,NaN,NaN,NaN,NaN,NaN,NaN,NaN,NaN,NaN,0,0.675967,0.699698,0.856089,0.437691,0.664352,0.296058,0.78676,0.636767,0.767304,NaN,NaN,NaN,NaN,NaN,NaN,NaN,NaN,NaN,NaN,NaN,-0.921217,NaN,-0.413762,NaN,NaN,NaN,NaN,NaN,NaN,0.921812,NaN,NaN,NaN,0.859078,NaN,NaN,NaN,NaN,NaN,NaN,NaN,NaN,-0.747442,NaN,NaN,NaN,-0.716579,NaN,NaN,NaN,NaN,NaN,NaN,NaN,NaN,NaN,NaN,NaN,NaN,NaN,0.715758,NaN,NaN,NaN,NaN,NaN,NaN,NaN,0.567229,NaN,NaN,NaN,NaN,NaN,NaN,NaN,NaN,NaN,-0.272046,NaN,0.62158,NaN,NaN,NaN,NaN,NaN,71
96.444,73.038,200.654,NaN,NaN,NaN,NaN,NaN,NaN,NaN,NaN,NaN,NaN,NaN,NaN,NaN,NaN,NaN,NaN,NaN,NaN,NaN,NaN,NaN,NaN,NaN,NaN,NaN,NaN,NaN,NaN,NaN,NaN,NaN,NaN,0.910761,NaN,NaN,NaN,NaN,NaN,NaN,NaN,NaN,NaN,-0.276526,NaN,NaN,NaN,NaN,0.40787,NaN,0.675967,0,0.959923,0.944878,0.874272,0.264103,0.91715,0.994571,0.755179,NaN,NaN,NaN,NaN,NaN,NaN,NaN,NaN,NaN,NaN,NaN,NaN,NaN,NaN,NaN,NaN,0.492572,NaN,NaN,NaN,NaN,NaN,-0.732597,NaN,NaN,-0.67347,NaN,NaN,NaN,NaN,NaN,NaN,NaN,NaN,NaN,NaN,NaN,NaN,NaN,-0.735411,0.928939,NaN,NaN,NaN,NaN,NaN,NaN,NaN,NaN,NaN,NaN,NaN,NaN,NaN,NaN,NaN,-0.99254,NaN,NaN,NaN,NaN,-0.611576,-0.693598,NaN,NaN,NaN,NaN,-0.786937,-0.304977,NaN,NaN,NaN,NaN,NaN,NaN,NaN,NaN,0.803487,72
54.638,69.1757,202.059,NaN,NaN,NaN,NaN,NaN,NaN,NaN,NaN,NaN,NaN,NaN,NaN,-0.235667,NaN,NaN,NaN,NaN,-0.77962,-0.913027,NaN,NaN,NaN,NaN,NaN,NaN,NaN,NaN,NaN,NaN,NaN,NaN,NaN,NaN,0.579935,NaN,NaN,NaN,0.781319,NaN,NaN,NaN,NaN,0.86492,NaN,NaN,NaN,NaN,-0.19732,NaN,0.699698,0.959923,0,0.278605,0.756683,0.639757,0.467282,NaN,0.972215,NaN,NaN,NaN,NaN,NaN,NaN,NaN,NaN,NaN,NaN,NaN,NaN,NaN,NaN,NaN,NaN,NaN,NaN,NaN,NaN,NaN,NaN,NaN,NaN,-0.993056,NaN,NaN,NaN,NaN,NaN,NaN,NaN,NaN,NaN,NaN,NaN,NaN,NaN,NaN,NaN,NaN,NaN,NaN,NaN,-0.138281,NaN,NaN,0.351973,NaN,NaN,NaN,NaN,NaN,-0.157176,NaN,NaN,NaN,NaN,NaN,NaN,NaN,NaN,NaN,NaN,NaN,NaN,NaN,NaN,NaN,NaN,NaN,NaN,-0.729296,NaN,NaN,NaN,NaN,NaN,74
104.623,50.3331,200.882,-0.267324,NaN,-0.0712201,NaN,NaN,-0.939805,NaN,NaN,NaN,0.530766,NaN,NaN,NaN,NaN,NaN,NaN,NaN,NaN,NaN,-0.352521,NaN,-0.30597,0.713948,NaN,NaN,NaN,NaN,NaN,NaN,NaN,NaN,NaN,NaN,NaN,NaN,NaN,0.0402554,NaN,NaN,NaN,NaN,NaN,NaN,NaN,NaN,NaN,NaN,NaN,NaN,0.856089,0.944878,0.278605,0,0.838006,0.972605,0.519988,0.95621,0.94963,NaN,-0.962791,NaN,NaN,NaN,NaN,0.633056,NaN,NaN,NaN,NaN,NaN,-0.000561788,NaN,NaN,-0.986147,0.435594,NaN,-0.145224,NaN,0.0961182,NaN,0.94411,-0.44189,NaN,NaN,NaN,NaN,NaN,NaN,NaN,NaN,NaN,NaN,NaN,NaN,NaN,NaN,NaN,NaN,NaN,NaN,-0.0201477,NaN,0.57014,NaN,NaN,0.324839,NaN,NaN,NaN,NaN,NaN,NaN,NaN,0.909743,NaN,NaN,-0.29881,NaN,NaN,NaN,NaN,NaN,NaN,NaN,NaN,NaN,NaN,NaN,NaN,NaN,NaN,0.188999,NaN,NaN,NaN,NaN,75
34.7016,57.1777,201.535,NaN,-0.488129,NaN,NaN,NaN,NaN,NaN,NaN,NaN,NaN,NaN,NaN,NaN,-0.362623,NaN,-0.750212,NaN,NaN,NaN,0.96815,NaN,NaN,NaN,NaN,NaN,NaN,NaN,NaN,NaN,NaN,NaN,NaN,NaN,NaN,NaN,NaN,0.61048,NaN,NaN,NaN,NaN,0.967453,NaN,NaN,NaN,NaN,0.148735,NaN,0.353675,0.437691,0.874272,0.756683,0.838006,0,0.773359,NaN,0.714005,0.551174,NaN,NaN,NaN,NaN,NaN,NaN,NaN,NaN,0.373944,NaN,NaN,NaN,NaN,NaN,NaN,NaN,NaN,NaN,NaN,NaN,NaN,NaN,NaN,NaN,NaN,NaN,NaN,NaN,NaN,NaN,-0.931405,NaN,NaN,NaN,NaN,NaN,NaN,NaN,-0.846262,NaN,0.732663,NaN,NaN,NaN,NaN,NaN,NaN,NaN,NaN,NaN,NaN,NaN,NaN,NaN,NaN,NaN,NaN,NaN,NaN,NaN,NaN,NaN,NaN,NaN,NaN,NaN,NaN,NaN,NaN,NaN,NaN,NaN,NaN,NaN,NaN,NaN,NaN,NaN,76
108.442,11.0761,199.607,NaN,NaN,NaN,NaN,NaN,NaN,NaN,NaN,0.381836,NaN,NaN,NaN,NaN,NaN,NaN,0.51132,NaN,NaN,NaN,NaN,NaN,NaN,NaN,NaN,NaN,NaN,NaN,NaN,NaN,NaN,NaN,NaN,NaN,NaN,0.402956,NaN,NaN,NaN,NaN,NaN,NaN,NaN,NaN,NaN,-0.654688,NaN,NaN,NaN,0.506684,0.664352,0.264103,0.639757,0.972605,0.773359,0,0.964375,0.73062,0.93008,NaN,NaN,NaN,NaN,NaN,NaN,NaN,-0.94602,NaN,NaN,NaN,NaN,NaN,NaN,NaN,NaN,NaN,NaN,NaN,0.118486,NaN,NaN,NaN,NaN,NaN,NaN,NaN,NaN,NaN,NaN,NaN,NaN,NaN,NaN,NaN,NaN,NaN,NaN,NaN,NaN,NaN,NaN,0.639674,NaN,NaN,NaN,NaN,NaN,-0.5998,NaN,NaN,NaN,NaN,NaN,NaN,NaN,NaN,NaN,NaN,-0.747993,NaN,NaN,NaN,0.582574,NaN,NaN,NaN,NaN,NaN,NaN,NaN,NaN,NaN,NaN,NaN,NaN,NaN,NaN,77
55.3609,14.3844,201.52,NaN,NaN,NaN,NaN,NaN,NaN,-0.0603469,0.583832,NaN,NaN,NaN,NaN,NaN,NaN,NaN,NaN,NaN,NaN,NaN,NaN,NaN,NaN,NaN,NaN,NaN,NaN,NaN,NaN,NaN,NaN,NaN,NaN,NaN,NaN,NaN,NaN,NaN,NaN,NaN,-0.686813,0.338169,NaN,NaN,NaN,NaN,NaN,-0.748321,NaN,NaN,0.296058,0.91715,0.467282,0.519988,NaN,0.964375,0,0.724129,0.563,0.88399,NaN,NaN,NaN,NaN,NaN,NaN,NaN,0.419231,NaN,-0.161099,NaN,NaN,NaN,NaN,NaN,NaN,NaN,NaN,NaN,NaN,NaN,NaN,NaN,NaN,NaN,NaN,NaN,NaN,NaN,NaN,NaN,NaN,NaN,NaN,NaN,NaN,-0.562059,0.0333395,NaN,NaN,NaN,NaN,NaN,NaN,NaN,-0.242455,NaN,NaN,NaN,NaN,NaN,NaN,NaN,0.576992,NaN,NaN,NaN,NaN,NaN,NaN,NaN,NaN,NaN,NaN,NaN,NaN,NaN,NaN,-0.667751,NaN,NaN,NaN,NaN,NaN,NaN,NaN,NaN,78
28.4274,84.8226,201.046,NaN,NaN,NaN,NaN,NaN,NaN,NaN,NaN,NaN,NaN,NaN,NaN,NaN,NaN,NaN,NaN,NaN,NaN,-0.419056,NaN,NaN,NaN,NaN,NaN,NaN,NaN,NaN,NaN,NaN,NaN,NaN,NaN,NaN,NaN,NaN,NaN,NaN,NaN,-0.95504,NaN,NaN,0.683558,NaN,0.74205,NaN,NaN,NaN,NaN,NaN,0.78676,0.994571,NaN,0.95621,0.714005,0.73062,0.724129,0,NaN,NaN,NaN,NaN,NaN,NaN,NaN,NaN,NaN,NaN,NaN,NaN,NaN,NaN,0.887777,NaN,NaN,NaN,NaN,NaN,NaN,NaN,NaN,NaN,NaN,NaN,0.936126,NaN,0.861733,NaN,NaN,NaN,NaN,NaN,NaN,NaN,NaN,NaN,NaN,NaN,NaN,NaN,NaN,NaN,NaN,NaN,NaN,NaN,-0.926863,NaN,NaN,0.164107,NaN,NaN,NaN,NaN,NaN,NaN,NaN,NaN,NaN,NaN,NaN,NaN,NaN,NaN,NaN,NaN,NaN,NaN,NaN,NaN,NaN,NaN,NaN,NaN,NaN,NaN,NaN,79
66.0082,102.601,200.976,NaN,NaN,NaN,NaN,NaN,NaN,0.867833,NaN,NaN,NaN,NaN,-0.653872,NaN,NaN,NaN,NaN,NaN,NaN,NaN,NaN,NaN,NaN,NaN,NaN,NaN,-0.472538,NaN,-0.271013,NaN,NaN,NaN,NaN,-0.70649,NaN,NaN,NaN,NaN,NaN,0.214585,NaN,NaN,0.0375216,NaN,NaN,NaN,-0.259279,NaN,NaN,NaN,0.636767,0.755179,0.972215,0.94963,0.551174,0.93008,0.563,NaN,0,NaN,NaN,NaN,NaN,-0.629439,NaN,NaN,NaN,NaN,NaN,NaN,NaN,NaN,NaN,-0.755427,NaN,NaN,0.380773,NaN,NaN,NaN,NaN,NaN,-0.317218,NaN,NaN,NaN,NaN,NaN,NaN,NaN,0.0165191,0.761356,NaN,-0.996947,NaN,0.288434,NaN,NaN,NaN,NaN,NaN,NaN,NaN,NaN,0.0254246,NaN,NaN,NaN,NaN,0.651539,0.712336,NaN,NaN,NaN,NaN,NaN,NaN,NaN,NaN,0.523694,NaN,-0.276773,NaN,0.175158,NaN,NaN,NaN,0.8205,0.455594,NaN,NaN,NaN,NaN,NaN,NaN,NaN,NaN,80
96.7253,69.4079,128.351,NaN,0.591572,NaN,NaN,NaN,NaN,NaN,NaN,NaN,NaN,NaN,-0.991089,NaN,NaN,NaN,NaN,0.801484,-0.486227,NaN,NaN,NaN,NaN,NaN,NaN,0.180513,NaN,NaN,NaN,NaN,NaN,NaN,-0.173303,NaN,NaN,NaN,NaN,NaN,NaN,NaN,NaN,NaN,NaN,NaN,NaN,NaN,NaN,0.880382,-0.535807,NaN,0.767304,NaN,NaN,NaN,NaN,NaN,0.88399,NaN,NaN,0,0.996732,0.968881,0.965974,0.849682,0.953243,0.655282,NaN,NaN,NaN,NaN,NaN,NaN,NaN,NaN,NaN,NaN,0.250183,NaN,NaN,-0.898909,NaN,NaN,NaN,NaN,NaN,NaN,NaN,NaN,NaN,NaN,0.757553,NaN,NaN,NaN,-0.937477,NaN,NaN,NaN,NaN,NaN,NaN,NaN,NaN,NaN,NaN,NaN,NaN,NaN,NaN,NaN,NaN,NaN,0.911921,0.344246,0.258762,NaN,NaN,NaN,NaN,NaN,NaN,NaN,NaN,-0.91458,NaN,NaN,NaN,NaN,NaN,NaN,NaN,NaN,NaN,NaN,NaN,NaN,NaN,81
72.1325,48.2062,126.608,-0.594097,NaN,NaN,NaN,NaN,NaN,NaN,NaN,NaN,NaN,NaN,NaN,NaN,NaN,NaN,NaN,NaN,NaN,NaN,NaN,NaN,NaN,NaN,NaN,NaN,NaN,NaN,NaN,NaN,0.268216,NaN,NaN,NaN,-0.472877,NaN,NaN,NaN,NaN,NaN,NaN,NaN,NaN,-0.153109,NaN,NaN,NaN,NaN,0.65852,NaN,NaN,NaN,NaN,-0.962791,NaN,NaN,NaN,NaN,NaN,0.996732,0,NaN,0.889182,NaN,0.942696,0.984551,0.114927,NaN,NaN,NaN,NaN,NaN,NaN,NaN,NaN,NaN,NaN,NaN,NaN,NaN,NaN,NaN,NaN,NaN,NaN,NaN,NaN,NaN,NaN,NaN,NaN,NaN,NaN,NaN,NaN,NaN,NaN,NaN,NaN,NaN,NaN,NaN,NaN,NaN,NaN,NaN,NaN,NaN,NaN,NaN,NaN,NaN,NaN,NaN,NaN,NaN,NaN,NaN,NaN,NaN,NaN,NaN,NaN,NaN,NaN,NaN,0.017177,-0.320912,NaN,NaN,NaN,NaN,-0.217553,-0.167648,0.502708,NaN,NaN,82
28.3361,25.0581,128.705,NaN,NaN,NaN,NaN,NaN,NaN,NaN,NaN,NaN,NaN,NaN,NaN,NaN,NaN,NaN,NaN,0.191463,NaN,NaN,NaN,NaN,NaN,NaN,NaN,NaN,NaN,NaN,NaN,-0.0649035,NaN,NaN,NaN,NaN,NaN,NaN,NaN,NaN,NaN,NaN,NaN,NaN,NaN,NaN,NaN,NaN,NaN,NaN,NaN,NaN,NaN,NaN,NaN,NaN,NaN,NaN,NaN,NaN,NaN,0.968881,NaN,0,0.846787,0.94756,NaN,0.927771,NaN,NaN,NaN,NaN,NaN,NaN,NaN,NaN,NaN,0.390281,NaN,NaN,NaN,NaN,NaN,NaN,NaN,NaN,NaN,NaN,NaN,NaN,NaN,NaN,-0.472135,NaN,NaN,NaN,NaN,NaN,NaN,NaN,NaN,NaN,NaN,NaN,NaN,NaN,NaN,0.808354,0.227822,NaN,NaN,NaN,NaN,NaN,NaN,NaN,NaN,NaN,NaN,NaN,NaN,NaN,0.967293,-0.960902,NaN,NaN,NaN,NaN,NaN,NaN,NaN,NaN,NaN,NaN,NaN,NaN,NaN,0.119747,NaN,85
23.4183,19.4559,128.993,NaN,NaN,NaN,0.175077,NaN,NaN,NaN,NaN,NaN,NaN,NaN,NaN,NaN,NaN,NaN,NaN,NaN,NaN,-0.201428,NaN,NaN,NaN,NaN,NaN,NaN,0.372871,NaN,NaN,NaN,NaN,NaN,NaN,NaN,NaN,NaN,NaN,NaN,NaN,NaN,NaN,NaN,NaN,-0.778519,NaN,NaN,NaN,NaN,NaN,NaN,NaN,NaN,NaN,NaN,NaN,NaN,NaN,NaN,NaN,0.965974,0.889182,0.846787,0,0.779476,NaN,0.789722,NaN,NaN,NaN,NaN,NaN,NaN,NaN,NaN,NaN,NaN,NaN,NaN,NaN,NaN,NaN,-0.859676,NaN,NaN,NaN,NaN,NaN,NaN,-0.468341,NaN,NaN,NaN,NaN,NaN,NaN,NaN,NaN,NaN,NaN,NaN,NaN,NaN,NaN,NaN,NaN,NaN,NaN,NaN,NaN,NaN,NaN,NaN,NaN,NaN,-0.840955,NaN,NaN,NaN,NaN,NaN,NaN,NaN,NaN,NaN,NaN,0.495218,NaN,NaN,NaN,NaN,NaN,NaN,NaN,NaN,NaN,NaN,-0.907487,86
106.574,54.3674,129.447,NaN,NaN,NaN,-0.775336,NaN,NaN,NaN,NaN,NaN,NaN,NaN,NaN,NaN,NaN,NaN,NaN,NaN,NaN,NaN,NaN,NaN,NaN,NaN,NaN,NaN,NaN,NaN,NaN,NaN,NaN,NaN,NaN,0.364567,NaN,NaN,NaN,NaN,NaN,-0.629375,NaN,NaN,-0.956571,NaN,NaN,NaN,NaN,0.498481,NaN,NaN,NaN,NaN,NaN,NaN,NaN,NaN,NaN,NaN,-0.629439,0.849682,NaN,0.94756,0.779476,0,0.480091,0.609748,NaN,NaN,NaN,NaN,NaN,NaN,NaN,NaN,NaN,NaN,NaN,NaN,NaN,NaN,NaN,NaN,NaN,NaN,NaN,-0.225829,NaN,NaN,NaN,NaN,-0.861566,NaN,NaN,NaN,NaN,NaN,NaN,NaN,NaN,NaN,NaN,NaN,NaN,NaN,NaN,NaN,NaN,NaN,NaN,NaN,NaN,NaN,NaN,NaN,NaN,-0.768399,NaN,NaN,NaN,0.0245214,NaN,-0.456633,NaN,NaN,NaN,NaN,NaN,NaN,NaN,0.404221,NaN,NaN,-0.383513,NaN,NaN,NaN,NaN,87
84.6164,44.4255,128.114,NaN,NaN,NaN,NaN,NaN,-0.433313,NaN,0.3762,NaN,NaN,NaN,0.795874,NaN,NaN,NaN,NaN,0.136799,NaN,NaN,NaN,-0.799618,NaN,NaN,NaN,NaN,NaN,NaN,NaN,NaN,NaN,NaN,NaN,NaN,NaN,NaN,-0.396717,NaN,NaN,NaN,NaN,NaN,NaN,NaN,NaN,NaN,NaN,NaN,NaN,NaN,NaN,NaN,NaN,NaN,NaN,NaN,NaN,NaN,NaN,0.953243,0.942696,NaN,NaN,0.480091,0,0.814084,NaN,NaN,NaN,NaN,NaN,NaN,NaN,NaN,NaN,-0.915085,NaN,NaN,NaN,NaN,-0.0476801,NaN,NaN,NaN,NaN,NaN,NaN,NaN,NaN,NaN,NaN,NaN,NaN,NaN,NaN,NaN,NaN,NaN,NaN,NaN,NaN,-0.62993,0.846895,NaN,NaN,NaN,NaN,NaN,NaN,NaN,NaN,NaN,NaN,NaN,NaN,NaN,-0.395377,NaN,NaN,NaN,NaN,NaN,NaN,NaN,0.371481,NaN,NaN,NaN,NaN,NaN,NaN,NaN,NaN,NaN,NaN,NaN,NaN,88
14.465,79.4576,127.303,0.627771,NaN,NaN,NaN,NaN,NaN,-0.689227,0.550508,NaN,NaN,NaN,0.717616,NaN,NaN,NaN,NaN,NaN,NaN,NaN,NaN,NaN,NaN,NaN,NaN,NaN,NaN,NaN,NaN,NaN,NaN,NaN,NaN,0.355801,NaN,NaN,NaN,NaN,NaN,0.564712,NaN,NaN,NaN,NaN,NaN,NaN,NaN,NaN,NaN,-0.707073,NaN,NaN,NaN,0.633056,NaN,NaN,NaN,NaN,NaN,0.655282,0.984551,0.927771,0.789722,0.609748,0.814084,0,0.215722,NaN,0.21996,NaN,NaN,NaN,NaN,NaN,NaN,NaN,NaN,NaN,NaN,NaN,NaN,NaN,NaN,NaN,NaN,NaN,NaN,NaN,0.338724,0.691003,NaN,NaN,NaN,-0.24367,NaN,NaN,NaN,NaN,NaN,NaN,NaN,NaN,NaN,NaN,0.557369,NaN,NaN,NaN,NaN,NaN,NaN,NaN,NaN,NaN,NaN,NaN,0.842496,NaN,NaN,NaN,NaN,NaN,NaN,NaN,NaN,NaN,NaN,NaN,NaN,NaN,NaN,NaN,NaN,NaN,NaN,NaN,NaN,89
78.8535,35.8322,146.495,0.815619,NaN,NaN,NaN,NaN,NaN,NaN,NaN,NaN,0.937023,0.414665,NaN,NaN,NaN,-0.996301,NaN,NaN,NaN,NaN,NaN,NaN,NaN,NaN,NaN,NaN,-0.884884,NaN,NaN,NaN,0.886153,NaN,NaN,NaN,NaN,NaN,NaN,NaN,NaN,NaN,NaN,-0.283389,NaN,0.399354,NaN,NaN,NaN,NaN,NaN,NaN,NaN,NaN,NaN,NaN,NaN,-0.94602,NaN,NaN,NaN,NaN,0.114927,NaN,NaN,NaN,NaN,0.215722,0,0.910536,0.943923,NaN,0.525063,0.982855,NaN,NaN,NaN,NaN,NaN,NaN,NaN,-0.586819,NaN,NaN,NaN,NaN,NaN,NaN,NaN,0.743372,NaN,NaN,NaN,NaN,NaN,NaN,NaN,NaN,NaN,NaN,NaN,NaN,NaN,NaN,NaN,NaN,NaN,NaN,NaN,NaN,-0.214686,NaN,NaN,NaN,NaN,NaN,NaN,NaN,NaN,NaN,NaN,NaN,NaN,NaN,NaN,NaN,NaN,NaN,NaN,NaN,NaN,NaN,NaN,0.834215,-0.70477,NaN,NaN,NaN,NaN,91
72.6636,40.5239,144.905,NaN,NaN,NaN,NaN,NaN,NaN,NaN,NaN,NaN,NaN,-0.382842,NaN,NaN,NaN,NaN,NaN,NaN,NaN,NaN,NaN,NaN,NaN,NaN,-0.506685,NaN,NaN,NaN,NaN,0.795019,NaN,NaN,NaN,NaN,NaN,NaN,NaN,NaN,NaN,NaN,NaN,NaN,NaN,NaN,NaN,NaN,NaN,NaN,NaN,NaN,NaN,NaN,NaN,NaN,0.373944,NaN,0.419231,NaN,NaN,NaN,NaN,NaN,NaN,NaN,NaN,NaN,0.910536,0,0.861754,0.925417,0.869645,0.95433,-0.191306,NaN,NaN,NaN,NaN,NaN,NaN,NaN,NaN,NaN,NaN,NaN,NaN,NaN,-0.662413,NaN,NaN,NaN,NaN,NaN,NaN,NaN,NaN,NaN,NaN,NaN,0.104142,NaN,NaN,NaN,NaN,NaN,NaN,NaN,NaN,NaN,0.35488,NaN,NaN,NaN,-0.171444,NaN,NaN,NaN,NaN,-0.3893,0.348629,NaN,NaN,NaN,NaN,NaN,NaN,NaN,NaN,NaN,NaN,NaN,NaN,NaN,NaN,NaN,NaN,NaN,NaN,92
35.6853,108.226,146.117,NaN,NaN,NaN,NaN,NaN,NaN,-0.942158,NaN,NaN,NaN,NaN,NaN,NaN,NaN,NaN,NaN,NaN,NaN,NaN,NaN,NaN,NaN,NaN,NaN,NaN,NaN,NaN,-0.00140425,NaN,NaN,NaN,NaN,0.445691,NaN,NaN,NaN,NaN,NaN,NaN,NaN,NaN,0.274528,NaN,NaN,NaN,NaN,NaN,NaN,NaN,NaN,NaN,NaN,NaN,NaN,NaN,NaN,NaN,NaN,NaN,NaN,NaN,NaN,NaN,NaN,0.21996,0.943923,0.861754,0,0.685536,0.91515,0.85504,NaN,NaN,-0.121015,NaN,NaN,NaN,NaN,NaN,NaN,NaN,NaN,NaN,NaN,NaN,NaN,NaN,NaN,NaN,NaN,NaN,NaN,NaN,NaN,-0.621041,NaN,NaN,-0.193585,NaN,NaN,NaN,NaN,NaN,NaN,0.598163,NaN,NaN,NaN,NaN,NaN,NaN,NaN,NaN,NaN,NaN,NaN,-0.426741,NaN,NaN,NaN,NaN,0.581405,NaN,-0.747533,NaN,NaN,NaN,NaN,0.947659,NaN,-0.375959,NaN,NaN,-0.50521,NaN,NaN,94
62.5021,65.3461,146.02,NaN,NaN,NaN,NaN,NaN,NaN,-0.413387,NaN,NaN,NaN,NaN,0.0931475,NaN,NaN,NaN,NaN,NaN,NaN,NaN,-0.408738,NaN,NaN,0.149198,NaN,NaN,NaN,NaN,NaN,NaN,0.566598,NaN,NaN,NaN,NaN,NaN,NaN,NaN,NaN,NaN,NaN,NaN,NaN,NaN,NaN,NaN,0.638413,NaN,NaN,0.555647,NaN,NaN,NaN,NaN,NaN,NaN,-0.161099,NaN,NaN,NaN,NaN,NaN,NaN,NaN,NaN,NaN,NaN,0.925417,0.685536,0,0.844175,0.646649,NaN,NaN,NaN,NaN,0.960707,-0.587466,NaN,NaN,NaN,NaN,NaN,NaN,0.314093,NaN,NaN,NaN,NaN,NaN,NaN,0.987893,NaN,NaN,NaN,NaN,NaN,NaN,NaN,NaN,NaN,NaN,NaN,NaN,NaN,NaN,NaN,NaN,-0.850986,NaN,NaN,NaN,NaN,NaN,NaN,NaN,NaN,NaN,NaN,-0.319103,NaN,NaN,-0.437566,NaN,NaN,NaN,NaN,NaN,NaN,NaN,0.463477,NaN,NaN,NaN,NaN,NaN,-0.995713,98
46.3072,47.563,146.16,NaN,NaN,NaN,NaN,NaN,NaN,NaN,NaN,NaN,NaN,NaN,0.425645,NaN,NaN,0.579176,NaN,NaN,NaN,-0.31932,NaN,NaN,NaN,NaN,NaN,NaN,NaN,NaN,-0.257277,NaN,NaN,NaN,NaN,NaN,NaN,NaN,NaN,NaN,NaN,NaN,NaN,NaN,NaN,NaN,NaN,0.65919,NaN,NaN,NaN,NaN,NaN,NaN,NaN,NaN,NaN,NaN,NaN,NaN,NaN,NaN,NaN,NaN,NaN,NaN,NaN,NaN,0.525063,0.869645,0.91515,0.844175,0,0.803175,NaN,NaN,NaN,NaN,NaN,NaN,NaN,NaN,NaN,NaN,NaN,-0.304297,NaN,0.598984,NaN,NaN,NaN,NaN,NaN,0.884663,NaN,NaN,NaN,NaN,NaN,NaN,NaN,NaN,NaN,NaN,NaN,NaN,NaN,NaN,NaN,0.768211,NaN,NaN,NaN,0.631356,NaN,NaN,-0.201816,NaN,NaN,NaN,NaN,NaN,NaN,NaN,NaN,NaN,NaN,NaN,NaN,NaN,NaN,NaN,NaN,NaN,NaN,NaN,NaN,NaN,NaN,99
70.7769,49.9273,146.425,NaN,NaN,NaN,NaN,NaN,NaN,NaN,NaN,NaN,NaN,NaN,NaN,0.476208,NaN,NaN,0.770476,NaN,NaN,NaN,NaN,NaN,NaN,NaN,NaN,NaN,0.791865,NaN,NaN,NaN,NaN,NaN,NaN,NaN,NaN,NaN,NaN,NaN,NaN,NaN,NaN,NaN,NaN,NaN,NaN,0.830008,NaN,-0.484798,NaN,NaN,-0.921217,NaN,NaN,-0.000561788,NaN,NaN,NaN,NaN,NaN,NaN,NaN,NaN,NaN,NaN,NaN,NaN,0.982855,0.95433,0.85504,0.646649,0.803175,0,NaN,NaN,NaN,NaN,NaN,NaN,NaN,NaN,NaN,NaN,NaN,NaN,NaN,NaN,NaN,NaN,NaN,NaN,NaN,NaN,NaN,NaN,NaN,NaN,0.973508,NaN,NaN,NaN,-0.762497,NaN,NaN,NaN,NaN,NaN,NaN,NaN,NaN,NaN,NaN,NaN,-0.28713,0.987751,NaN,NaN,NaN,NaN,-0.699004,NaN,NaN,NaN,NaN,NaN,NaN,NaN,NaN,NaN,NaN,NaN,NaN,NaN,NaN,0.589603,NaN,NaN,NaN,100
32.8703,80.2739,103.403,NaN,NaN,NaN,NaN,NaN,0.590189,NaN,NaN,NaN,NaN,NaN,NaN,NaN,NaN,NaN,NaN,NaN,NaN,NaN,NaN,NaN,NaN,NaN,NaN,NaN,NaN,NaN,NaN,NaN,-0.50566,NaN,NaN,NaN,NaN,NaN,NaN,NaN,NaN,NaN,-0.100344,NaN,NaN,NaN,NaN,NaN,NaN,NaN,NaN,0.0945877,NaN,NaN,NaN,NaN,NaN,NaN,NaN,0.887777,NaN,NaN,NaN,NaN,NaN,NaN,NaN,NaN,NaN,-0.191306,NaN,NaN,NaN,NaN,0,0.794608,0.913067,0.75583,NaN,NaN,NaN,NaN,NaN,NaN,NaN,NaN,NaN,0.820109,0.240414,NaN,NaN,NaN,NaN,NaN,NaN,NaN,NaN,NaN,NaN,NaN,NaN,0.402521,NaN,NaN,NaN,0.174463,0.820759,NaN,NaN,NaN,NaN,-0.600166,-0.558086,NaN,NaN,NaN,0.0182981,NaN,NaN,NaN,NaN,NaN,NaN,NaN,NaN,NaN,NaN,NaN,NaN,NaN,NaN,NaN,NaN,NaN,NaN,NaN,NaN,NaN,NaN,106
64.2701,53.1171,103.875,-0.508306,NaN,NaN,NaN,NaN,NaN,NaN,NaN,NaN,0.595418,NaN,NaN,NaN,NaN,NaN,NaN,NaN,NaN,NaN,NaN,NaN,0.322594,NaN,NaN,NaN,NaN,NaN,NaN,NaN,NaN,NaN,0.622936,NaN,NaN,NaN,NaN,NaN,NaN,NaN,NaN,NaN,NaN,-0.560723,NaN,0.966178,NaN,NaN,NaN,NaN,-0.413762,NaN,NaN,NaN,NaN,NaN,NaN,NaN,-0.755427,NaN,NaN,NaN,NaN,NaN,NaN,NaN,NaN,NaN,NaN,NaN,NaN,NaN,0.794608,0,0.342191,0.290068,NaN,NaN,0.0219311,NaN,0.22972,NaN,NaN,NaN,NaN,NaN,NaN,0.240686,NaN,NaN,-0.120114,0.00300394,-0.749456,NaN,NaN,NaN,NaN,NaN,NaN,0.630407,NaN,NaN,NaN,NaN,-0.156413,NaN,NaN,NaN,NaN,NaN,NaN,NaN,NaN,NaN,NaN,-0.119869,0.197508,NaN,NaN,NaN,NaN,NaN,NaN,NaN,0.817233,NaN,-0.61241,NaN,NaN,NaN,NaN,NaN,-0.617817,NaN,NaN,NaN,NaN,107
13.2593,15.7474,102.377,NaN,NaN,NaN,NaN,0.63552,NaN,NaN,NaN,NaN,NaN,NaN,NaN,NaN,NaN,NaN,NaN,NaN,NaN,NaN,NaN,NaN,NaN,NaN,-0.685315,NaN,NaN,NaN,0.879508,NaN,NaN,NaN,NaN,NaN,NaN,-0.267503,NaN,NaN,NaN,NaN,NaN,NaN,NaN,NaN,NaN,NaN,-0.205563,NaN,NaN,NaN,NaN,NaN,NaN,-0.986147,NaN,NaN,NaN,NaN,NaN,NaN,NaN,NaN,NaN,NaN,NaN,NaN,NaN,NaN,-0.121015,NaN,NaN,NaN,0.913067,0.342191,0,0.680338,NaN,0.0114264,NaN,NaN,NaN,NaN,NaN,NaN,NaN,NaN,NaN,NaN,NaN,NaN,NaN,NaN,NaN,NaN,NaN,NaN,NaN,NaN,NaN,NaN,NaN,0.412255,NaN,NaN,NaN,NaN,NaN,NaN,NaN,NaN,NaN,NaN,NaN,NaN,NaN,NaN,NaN,NaN,NaN,NaN,NaN,NaN,NaN,NaN,NaN,-0.141385,NaN,0.135666,NaN,NaN,NaN,NaN,NaN,NaN,NaN,NaN,NaN,109
24.2311,40.6681,104.36,NaN,NaN,NaN,NaN,NaN,NaN,NaN,0.0814446,NaN,NaN,NaN,NaN,NaN,0.0181247,NaN,NaN,NaN,NaN,NaN,NaN,NaN,0.687173,NaN,NaN,NaN,-0.13151,NaN,NaN,NaN,0.197344,NaN,NaN,NaN,NaN,-0.377789,NaN,NaN,NaN,NaN,-0.937428,NaN,NaN,NaN,NaN,NaN,0.214716,NaN,NaN,NaN,NaN,0.492572,NaN,0.435594,NaN,NaN,NaN,NaN,NaN,NaN,NaN,0.390281,NaN,NaN,-0.915085,NaN,NaN,NaN,NaN,NaN,NaN,NaN,0.75583,0.290068,0.680338,0,NaN,NaN,-0.0290388,NaN,NaN,NaN,NaN,0.56444,NaN,NaN,NaN,NaN,NaN,NaN,NaN,NaN,NaN,NaN,NaN,NaN,NaN,NaN,NaN,NaN,NaN,NaN,NaN,NaN,0.135252,NaN,NaN,NaN,NaN,NaN,NaN,NaN,NaN,NaN,0.610398,NaN,NaN,NaN,NaN,NaN,NaN,NaN,NaN,NaN,NaN,NaN,NaN,NaN,NaN,NaN,NaN,NaN,NaN,NaN,NaN,-0.685585,NaN,110
58.1834,37.8866,179.48,0.0532268,NaN,NaN,NaN,NaN,NaN,NaN,NaN,NaN,NaN,NaN,0.573657,NaN,NaN,NaN,NaN,NaN,NaN,NaN,NaN,NaN,NaN,NaN,-0.897458,NaN,NaN,NaN,NaN,NaN,NaN,NaN,NaN,NaN,NaN,NaN,NaN,NaN,NaN,NaN,NaN,NaN,NaN,-0.942945,NaN,NaN,NaN,NaN,NaN,NaN,NaN,NaN,NaN,NaN,NaN,NaN,NaN,NaN,0.380773,0.250183,NaN,NaN,NaN,NaN,NaN,NaN,NaN,NaN,NaN,0.960707,NaN,NaN,NaN,NaN,NaN,NaN,0,0.889753,0.678891,0.848589,NaN,0.941803,NaN,NaN,NaN,0.525253,NaN,NaN,NaN,NaN,NaN,NaN,NaN,NaN,0.0917182,NaN,-0.650938,NaN,NaN,NaN,NaN,NaN,NaN,NaN,-0.0728621,NaN,NaN,NaN,NaN,NaN,0.177761,NaN,NaN,NaN,NaN,NaN,NaN,NaN,NaN,NaN,NaN,NaN,NaN,-0.926879,0.172337,NaN,NaN,NaN,NaN,NaN,NaN,NaN,NaN,NaN,-0.889229,NaN,NaN,111
16.7681,7.92013,179.683,NaN,0.231241,NaN,NaN,NaN,NaN,NaN,NaN,-0.660498,NaN,NaN,NaN,NaN,NaN,NaN,NaN,NaN,NaN,NaN,NaN,NaN,NaN,NaN,NaN,0.416805,NaN,NaN,NaN,NaN,NaN,NaN,NaN,NaN,NaN,NaN,NaN,NaN,NaN,NaN,NaN,0.428237,NaN,NaN,NaN,NaN,NaN,NaN,NaN,NaN,NaN,NaN,NaN,-0.145224,NaN,NaN,NaN,NaN,NaN,NaN,NaN,NaN,NaN,NaN,NaN,NaN,NaN,NaN,NaN,-0.587466,NaN,NaN,NaN,NaN,0.0114264,NaN,0.889753,0,0.50898,0.925325,0.820168,0.702714,NaN,-0.628897,NaN,NaN,NaN,NaN,NaN,NaN,NaN,NaN,NaN,NaN,NaN,-0.70975,NaN,NaN,NaN,NaN,NaN,NaN,NaN,NaN,NaN,NaN,NaN,NaN,NaN,NaN,NaN,NaN,NaN,-0.912221,-0.785904,NaN,NaN,NaN,NaN,NaN,NaN,NaN,NaN,NaN,NaN,NaN,NaN,NaN,NaN,NaN,NaN,NaN,NaN,NaN,NaN,NaN,NaN,114
81.2529,111.478,181.522,NaN,NaN,NaN,NaN,NaN,NaN,NaN,NaN,NaN,NaN,0.407398,NaN,NaN,NaN,NaN,NaN,NaN,NaN,NaN,NaN,0.877249,NaN,NaN,NaN,NaN,NaN,NaN,NaN,NaN,NaN,NaN,0.108902,NaN,NaN,NaN,NaN,NaN,NaN,NaN,NaN,NaN,NaN,NaN,NaN,NaN,NaN,NaN,NaN,NaN,NaN,NaN,NaN,NaN,NaN,0.118486,NaN,NaN,NaN,NaN,NaN,NaN,NaN,NaN,NaN,NaN,NaN,NaN,NaN,NaN,NaN,NaN,NaN,0.0219311,NaN,-0.0290388,0.678891,0.50898,0,0.720297,0.974005,0.794111,NaN,NaN,NaN,NaN,NaN,NaN,NaN,NaN,NaN,NaN,NaN,NaN,NaN,NaN,NaN,NaN,NaN,NaN,NaN,NaN,NaN,NaN,NaN,NaN,NaN,NaN,NaN,NaN,NaN,NaN,-0.437422,NaN,NaN,0.193692,NaN,0.170394,NaN,NaN,NaN,NaN,0.0126906,NaN,NaN,NaN,NaN,NaN,NaN,NaN,NaN,NaN,NaN,NaN,NaN,NaN,NaN,115
66.8481,71.7938,181.511,NaN,NaN,NaN,NaN,NaN,NaN,NaN,NaN,NaN,NaN,NaN,NaN,NaN,NaN,NaN,0.174651,NaN,-0.950893,NaN,NaN,NaN,NaN,NaN,NaN,NaN,NaN,-0.113384,NaN,NaN,NaN,NaN,NaN,-0.21576,NaN,NaN,NaN,NaN,NaN,NaN,NaN,NaN,NaN,NaN,NaN,NaN,NaN,NaN,NaN,0.573138,NaN,NaN,NaN,0.0961182,NaN,NaN,NaN,NaN,NaN,-0.898909,NaN,NaN,NaN,NaN,NaN,NaN,-0.586819,NaN,NaN,NaN,NaN,NaN,NaN,NaN,NaN,NaN,0.848589,0.925325,0.720297,0,0.81884,0.904746,NaN,NaN,NaN,NaN,NaN,NaN,NaN,-0.322561,NaN,NaN,NaN,NaN,NaN,NaN,NaN,NaN,NaN,NaN,NaN,NaN,NaN,NaN,NaN,NaN,NaN,NaN,NaN,NaN,NaN,NaN,NaN,NaN,NaN,NaN,NaN,NaN,NaN,NaN,NaN,-0.560261,NaN,NaN,NaN,NaN,NaN,NaN,0.661632,NaN,NaN,NaN,NaN,NaN,NaN,NaN,NaN,116
14.6768,69.4077,180.826,NaN,NaN,NaN,NaN,NaN,NaN,NaN,0.322219,-0.976382,0.886982,NaN,NaN,NaN,NaN,NaN,NaN,NaN,0.332048,NaN,NaN,NaN,NaN,NaN,NaN,NaN,NaN,NaN,0.586201,NaN,NaN,NaN,NaN,NaN,NaN,NaN,NaN,NaN,NaN,NaN,NaN,NaN,NaN,NaN,NaN,NaN,NaN,NaN,NaN,NaN,0.921812,NaN,NaN,NaN,NaN,NaN,NaN,NaN,NaN,NaN,NaN,NaN,NaN,NaN,-0.0476801,NaN,NaN,NaN,NaN,NaN,NaN,NaN,NaN,0.22972,NaN,NaN,NaN,0.820168,0.974005,0.81884,0,0.794766,NaN,NaN,NaN,NaN,NaN,NaN,NaN,NaN,NaN,NaN,NaN,NaN,NaN,NaN,NaN,NaN,NaN,NaN,NaN,NaN,NaN,NaN,NaN,NaN,NaN,NaN,NaN,NaN,NaN,NaN,NaN,NaN,NaN,NaN,NaN,NaN,NaN,NaN,-0.00611286,-0.686011,NaN,NaN,NaN,NaN,NaN,NaN,NaN,NaN,NaN,NaN,NaN,NaN,NaN,NaN,0.85806,118
89.377,77.6099,179.541,-0.680914,NaN,NaN,NaN,NaN,NaN,NaN,NaN,NaN,NaN,NaN,0.985142,NaN,NaN,NaN,NaN,NaN,NaN,NaN,NaN,NaN,NaN,NaN,-0.416146,NaN,NaN,NaN,NaN,NaN,NaN,NaN,NaN,NaN,NaN,NaN,NaN,NaN,NaN,NaN,NaN,NaN,NaN,NaN,NaN,NaN,NaN,NaN,0.980707,NaN,NaN,-0.732597,NaN,0.94411,NaN,NaN,NaN,NaN,NaN,NaN,NaN,NaN,-0.859676,NaN,NaN,NaN,NaN,NaN,NaN,NaN,NaN,NaN,NaN,NaN,NaN,NaN,0.941803,0.702714,0.794111,0.904746,0.794766,0,NaN,NaN,NaN,NaN,NaN,NaN,NaN,NaN,NaN,NaN,NaN,NaN,NaN,NaN,NaN,NaN,NaN,NaN,NaN,-0.356554,NaN,-0.861757,NaN,NaN,NaN,NaN,NaN,NaN,NaN,NaN,NaN,NaN,NaN,NaN,NaN,NaN,NaN,NaN,NaN,NaN,NaN,NaN,NaN,NaN,-0.210195,NaN,NaN,NaN,NaN,NaN,NaN,NaN,NaN,NaN,NaN,120
90.941,31.7224,153.189,NaN,NaN,NaN,NaN,NaN,NaN,NaN,NaN,NaN,NaN,NaN,NaN,NaN,NaN,NaN,NaN,NaN,NaN,NaN,NaN,NaN,-0.0465465,NaN,NaN,-0.522578,NaN,NaN,NaN,NaN,NaN,NaN,NaN,NaN,NaN,NaN,NaN,NaN,NaN,NaN,NaN,NaN,NaN,NaN,NaN,NaN,NaN,NaN,-0.260743,NaN,NaN,NaN,NaN,-0.44189,NaN,NaN,NaN,NaN,-0.317218,NaN,NaN,NaN,NaN,NaN,NaN,NaN,NaN,NaN,NaN,NaN,NaN,NaN,NaN,NaN,NaN,NaN,NaN,NaN,NaN,NaN,NaN,NaN,0,0.668718,0.579409,0.592443,NaN,0.889192,0.802927,NaN,NaN,NaN,-0.442306,NaN,NaN,NaN,NaN,-0.486406,NaN,NaN,NaN,0.51071,NaN,NaN,NaN,NaN,NaN,NaN,NaN,NaN,NaN,NaN,NaN,NaN,-0.463783,NaN,NaN,NaN,NaN,NaN,NaN,NaN,NaN,NaN,NaN,NaN,NaN,NaN,NaN,NaN,NaN,NaN,NaN,NaN,NaN,NaN,NaN,121
35.0703,29.8364,152.023,NaN,0.341846,NaN,NaN,NaN,NaN,NaN,NaN,NaN,NaN,NaN,NaN,NaN,NaN,NaN,NaN,-0.947308,NaN,NaN,NaN,NaN,NaN,0.943647,NaN,NaN,NaN,NaN,NaN,NaN,NaN,NaN,0.782474,NaN,NaN,NaN,NaN,NaN,NaN,NaN,0.560892,NaN,0.320077,NaN,NaN,NaN,-0.630849,NaN,NaN,NaN,NaN,NaN,-0.993056,NaN,NaN,NaN,NaN,NaN,NaN,NaN,NaN,NaN,NaN,NaN,NaN,NaN,NaN,NaN,NaN,NaN,-0.304297,NaN,NaN,NaN,NaN,0.56444,NaN,-0.628897,NaN,NaN,NaN,NaN,0.668718,0,0.698481,0.432085,0.822908,0.96471,0.815556,NaN,NaN,NaN,0.200187,NaN,NaN,NaN,0.0739052,NaN,NaN,NaN,NaN,0.093542,NaN,NaN,NaN,NaN,NaN,NaN,NaN,NaN,NaN,NaN,NaN,-0.0714593,NaN,NaN,NaN,0.95153,NaN,NaN,NaN,NaN,NaN,NaN,-0.481618,NaN,NaN,NaN,NaN,NaN,NaN,NaN,0.427884,-0.560001,NaN,NaN,NaN,123
66.2397,44.4315,153.253,NaN,NaN,0.320409,NaN,NaN,NaN,NaN,NaN,NaN,NaN,NaN,NaN,NaN,NaN,NaN,NaN,NaN,NaN,NaN,NaN,NaN,NaN,-0.479773,NaN,NaN,NaN,NaN,NaN,NaN,NaN,NaN,0.236727,NaN,NaN,-0.771473,NaN,NaN,NaN,0.703422,NaN,NaN,NaN,NaN,NaN,NaN,NaN,0.897497,NaN,0.644377,0.859078,-0.67347,NaN,NaN,NaN,NaN,NaN,0.936126,NaN,NaN,NaN,NaN,NaN,NaN,NaN,NaN,NaN,NaN,NaN,0.314093,NaN,NaN,NaN,NaN,NaN,NaN,NaN,NaN,NaN,NaN,NaN,NaN,0.579409,0.698481,0,0.980622,0.548373,0.837196,0.598364,NaN,NaN,-0.0866305,-0.0116056,NaN,NaN,NaN,NaN,NaN,NaN,NaN,NaN,NaN,NaN,NaN,NaN,NaN,NaN,NaN,NaN,NaN,NaN,NaN,NaN,NaN,NaN,NaN,NaN,NaN,NaN,NaN,-0.36993,NaN,NaN,NaN,NaN,NaN,NaN,NaN,0.252422,NaN,NaN,NaN,NaN,NaN,NaN,NaN,NaN,125
15.1664,81.3169,152.405,NaN,NaN,NaN,NaN,NaN,NaN,NaN,NaN,NaN,NaN,NaN,NaN,NaN,NaN,NaN,NaN,NaN,NaN,NaN,NaN,NaN,NaN,NaN,NaN,NaN,NaN,NaN,NaN,0.497913,NaN,-0.0213681,NaN,NaN,NaN,NaN,NaN,NaN,NaN,NaN,NaN,NaN,NaN,NaN,NaN,-0.523392,NaN,NaN,NaN,NaN,NaN,NaN,NaN,NaN,NaN,NaN,NaN,NaN,NaN,NaN,NaN,NaN,NaN,-0.225829,NaN,NaN,NaN,NaN,NaN,NaN,0.598984,NaN,0.820109,NaN,NaN,NaN,0.525253,NaN,NaN,NaN,NaN,NaN,0.592443,0.432085,0.980622,0,0.952277,0.960186,0.639838,NaN,NaN,0.687679,NaN,0.823325,NaN,NaN,NaN,NaN,NaN,NaN,NaN,NaN,0.412722,NaN,-0.822145,0.811644,NaN,NaN,NaN,0.975317,NaN,NaN,NaN,NaN,NaN,NaN,NaN,NaN,NaN,NaN,NaN,NaN,NaN,NaN,NaN,NaN,NaN,NaN,NaN,NaN,NaN,NaN,NaN,NaN,NaN,NaN,NaN,126
70.1167,6.85451,154.593,NaN,NaN,0.542731,NaN,NaN,NaN,NaN,NaN,NaN,NaN,NaN,NaN,NaN,NaN,NaN,NaN,NaN,NaN,NaN,NaN,-0.810773,NaN,NaN,NaN,NaN,-0.733018,NaN,NaN,NaN,-0.489384,NaN,NaN,NaN,NaN,NaN,NaN,NaN,NaN,0.102716,NaN,NaN,0.746655,NaN,NaN,NaN,NaN,NaN,NaN,NaN,NaN,NaN,NaN,NaN,NaN,NaN,NaN,0.861733,NaN,NaN,NaN,NaN,NaN,NaN,NaN,NaN,NaN,-0.662413,NaN,NaN,NaN,NaN,0.240414,NaN,NaN,NaN,NaN,NaN,NaN,NaN,NaN,NaN,NaN,0.822908,0.548373,0.952277,0,0.829328,0.915354,NaN,NaN,NaN,NaN,NaN,NaN,NaN,NaN,NaN,-0.0303002,NaN,NaN,NaN,NaN,-0.901883,NaN,-0.769917,NaN,NaN,NaN,NaN,NaN,NaN,NaN,NaN,NaN,NaN,NaN,NaN,NaN,NaN,NaN,NaN,NaN,NaN,NaN,NaN,-0.700567,NaN,NaN,NaN,NaN,NaN,NaN,NaN,NaN,NaN,NaN,127
71.8107,59.907,153.917,NaN,NaN,NaN,NaN,NaN,NaN,NaN,NaN,NaN,NaN,NaN,NaN,NaN,NaN,0.609521,NaN,NaN,NaN,NaN,NaN,NaN,NaN,NaN,NaN,NaN,NaN,NaN,NaN,0.225781,NaN,NaN,NaN,NaN,NaN,NaN,NaN,NaN,NaN,NaN,NaN,NaN,-0.644081,NaN,NaN,NaN,NaN,NaN,NaN,NaN,NaN,NaN,NaN,NaN,NaN,NaN,NaN,NaN,NaN,NaN,NaN,NaN,NaN,NaN,NaN,NaN,0.743372,NaN,NaN,NaN,NaN,NaN,NaN,0.240686,NaN,NaN,NaN,NaN,NaN,NaN,NaN,NaN,0.889192,0.96471,0.837196,0.960186,0.829328,0,0.716459,NaN,NaN,NaN,NaN,NaN,NaN,NaN,NaN,NaN,NaN,NaN,NaN,NaN,NaN,NaN,NaN,NaN,NaN,NaN,NaN,NaN,NaN,NaN,NaN,NaN,NaN,NaN,NaN,-0.685328,NaN,NaN,NaN,-0.483775,NaN,NaN,NaN,NaN,NaN,NaN,NaN,0.158829,NaN,NaN,NaN,NaN,0.498883,NaN,NaN,128
52.0524,82.9172,152.402,NaN,NaN,0.281473,NaN,NaN,NaN,NaN,NaN,NaN,NaN,NaN,NaN,NaN,NaN,NaN,NaN,NaN,NaN,NaN,NaN,NaN,NaN,NaN,0.0358432,NaN,NaN,NaN,NaN,NaN,NaN,NaN,NaN,NaN,NaN,NaN,NaN,NaN,NaN,-0.046116,0.183543,NaN,NaN,NaN,NaN,NaN,-0.333198,NaN,NaN,NaN,NaN,NaN,NaN,NaN,NaN,NaN,NaN,NaN,NaN,NaN,NaN,NaN,-0.468341,NaN,NaN,0.338724,NaN,NaN,NaN,NaN,NaN,NaN,NaN,NaN,NaN,NaN,NaN,NaN,NaN,NaN,NaN,NaN,0.802927,0.815556,0.598364,0.639838,0.915354,0.716459,0,NaN,NaN,NaN,0.837,NaN,NaN,-0.377378,NaN,NaN,-0.513277,-0.910837,NaN,NaN,NaN,NaN,NaN,NaN,NaN,NaN,NaN,NaN,NaN,NaN,NaN,NaN,NaN,NaN,NaN,NaN,NaN,NaN,-0.250018,-0.907448,NaN,NaN,NaN,NaN,NaN,NaN,NaN,NaN,NaN,NaN,NaN,NaN,NaN,NaN,NaN,130
89.5087,19.0551,125.139,NaN,NaN,NaN,NaN,NaN,NaN,NaN,NaN,NaN,NaN,NaN,NaN,NaN,NaN,NaN,NaN,NaN,NaN,NaN,NaN,NaN,NaN,NaN,NaN,NaN,NaN,NaN,NaN,0.0102708,NaN,0.60504,NaN,NaN,-0.440331,NaN,0.973034,NaN,NaN,NaN,NaN,NaN,NaN,NaN,NaN,NaN,NaN,NaN,NaN,NaN,NaN,NaN,NaN,NaN,-0.931405,NaN,NaN,NaN,NaN,NaN,NaN,NaN,NaN,NaN,NaN,0.691003,NaN,NaN,NaN,NaN,NaN,NaN,NaN,NaN,NaN,NaN,NaN,NaN,NaN,-0.322561,NaN,NaN,NaN,NaN,NaN,NaN,NaN,NaN,NaN,0,NaN,0.942518,0.950336,0.953446,0.991224,0.490189,0.973679,NaN,NaN,NaN,NaN,NaN,NaN,NaN,NaN,-0.818152,0.711033,NaN,NaN,NaN,NaN,NaN,NaN,NaN,NaN,NaN,NaN,NaN,NaN,NaN,NaN,NaN,NaN,NaN,NaN,NaN,NaN,NaN,NaN,NaN,-0.974955,NaN,NaN,NaN,NaN,NaN,NaN,131
63.0263,92.1104,124.775,NaN,NaN,NaN,NaN,NaN,-0.275621,NaN,NaN,NaN,NaN,NaN,NaN,NaN,NaN,NaN,NaN,NaN,NaN,-0.249436,NaN,NaN,NaN,NaN,NaN,NaN,NaN,NaN,0.177076,NaN,NaN,NaN,NaN,NaN,NaN,NaN,NaN,NaN,NaN,NaN,NaN,NaN,NaN,NaN,NaN,NaN,NaN,NaN,NaN,NaN,NaN,NaN,NaN,NaN,NaN,NaN,NaN,NaN,0.0165191,0.757553,NaN,-0.472135,NaN,-0.861566,NaN,NaN,NaN,NaN,NaN,NaN,NaN,NaN,NaN,-0.120114,NaN,NaN,NaN,NaN,NaN,NaN,NaN,NaN,NaN,NaN,NaN,NaN,NaN,NaN,NaN,NaN,0,0.979297,0.634618,0.490668,0.883146,0.963551,0.923912,NaN,NaN,NaN,NaN,NaN,NaN,NaN,0.290072,NaN,NaN,NaN,NaN,NaN,NaN,-0.845725,NaN,0.76693,NaN,NaN,NaN,NaN,NaN,NaN,-0.556793,NaN,NaN,NaN,-0.376741,NaN,NaN,NaN,NaN,NaN,NaN,NaN,NaN,NaN,-0.415077,NaN,NaN,133
52.7913,40.8063,124.851,0.573767,NaN,NaN,NaN,NaN,NaN,0.0445014,NaN,NaN,NaN,NaN,NaN,NaN,NaN,0.148982,NaN,NaN,NaN,NaN,NaN,NaN,NaN,0.61066,NaN,NaN,NaN,-0.0675803,NaN,NaN,NaN,NaN,NaN,NaN,NaN,NaN,NaN,NaN,NaN,NaN,0.305632,0.920224,NaN,NaN,NaN,NaN,NaN,-0.245538,NaN,NaN,NaN,NaN,NaN,NaN,NaN,NaN,NaN,NaN,0.761356,NaN,NaN,NaN,NaN,NaN,NaN,NaN,NaN,NaN,NaN,0.987893,0.884663,NaN,NaN,0.00300394,NaN,NaN,NaN,NaN,NaN,NaN,NaN,NaN,NaN,NaN,-0.0866305,0.687679,NaN,NaN,NaN,0.942518,0.979297,0,NaN,0.939713,0.556482,0.314887,0.902612,NaN,NaN,NaN,NaN,NaN,NaN,-0.910359,NaN,-0.759937,NaN,NaN,0.880464,NaN,NaN,NaN,NaN,NaN,0.965166,NaN,NaN,NaN,0.842205,NaN,NaN,NaN,NaN,-0.386458,NaN,NaN,NaN,NaN,NaN,NaN,NaN,NaN,NaN,NaN,0.476811,NaN,NaN,134
52.2454,61.5452,125.343,NaN,NaN,0.846051,NaN,0.773553,NaN,NaN,0.0357075,NaN,NaN,NaN,NaN,NaN,NaN,NaN,NaN,NaN,NaN,-0.737186,NaN,NaN,NaN,NaN,-0.361511,NaN,NaN,NaN,NaN,NaN,0.924706,NaN,NaN,-0.590625,NaN,NaN,NaN,NaN,NaN,NaN,-0.0461408,0.383561,NaN,NaN,NaN,NaN,NaN,NaN,NaN,NaN,NaN,NaN,NaN,NaN,NaN,NaN,NaN,NaN,NaN,NaN,NaN,NaN,NaN,NaN,NaN,NaN,NaN,NaN,NaN,NaN,NaN,NaN,NaN,-0.749456,NaN,NaN,NaN,NaN,NaN,NaN,NaN,NaN,-0.442306,0.200187,-0.0116056,NaN,NaN,NaN,0.837,0.950336,0.634618,NaN,0,NaN,0.917914,0.908403,NaN,NaN,NaN,NaN,NaN,NaN,NaN,NaN,NaN,NaN,NaN,NaN,NaN,NaN,NaN,NaN,NaN,NaN,NaN,NaN,-0.644188,NaN,NaN,NaN,NaN,NaN,NaN,NaN,NaN,NaN,NaN,NaN,NaN,NaN,NaN,NaN,NaN,NaN,NaN,NaN,NaN,135
19.7929,64.0266,126.172,NaN,NaN,NaN,-0.448128,0.280241,0.134012,NaN,NaN,NaN,-0.181625,NaN,NaN,NaN,NaN,NaN,NaN,NaN,-0.0321423,NaN,NaN,NaN,NaN,NaN,NaN,NaN,NaN,NaN,NaN,NaN,NaN,NaN,NaN,NaN,NaN,NaN,NaN,NaN,NaN,NaN,NaN,NaN,NaN,NaN,NaN,NaN,NaN,NaN,NaN,-0.706089,-0.747442,NaN,NaN,NaN,NaN,NaN,NaN,NaN,-0.996947,NaN,NaN,NaN,NaN,NaN,NaN,-0.24367,NaN,NaN,NaN,NaN,NaN,NaN,NaN,NaN,NaN,NaN,NaN,NaN,NaN,NaN,NaN,NaN,NaN,NaN,NaN,0.823325,NaN,NaN,NaN,0.953446,0.490668,0.939713,NaN,0,0.843967,0.86564,0.38147,NaN,NaN,NaN,NaN,NaN,-0.405644,NaN,NaN,NaN,NaN,NaN,NaN,NaN,NaN,NaN,NaN,NaN,NaN,NaN,NaN,NaN,NaN,NaN,NaN,NaN,NaN,-0.701553,NaN,NaN,NaN,NaN,NaN,NaN,NaN,NaN,NaN,NaN,NaN,NaN,NaN,136
85.7028,64.2835,125.697,NaN,NaN,NaN,0.897601,NaN,0.617337,NaN,NaN,NaN,NaN,NaN,NaN,NaN,NaN,NaN,NaN,NaN,NaN,NaN,NaN,-0.0613386,NaN,NaN,NaN,NaN,NaN,NaN,NaN,-0.0448293,NaN,NaN,NaN,NaN,NaN,NaN,-0.414074,NaN,NaN,NaN,NaN,NaN,NaN,-0.058162,NaN,NaN,NaN,NaN,NaN,NaN,NaN,NaN,NaN,NaN,NaN,NaN,NaN,NaN,NaN,-0.937477,NaN,NaN,NaN,NaN,NaN,NaN,NaN,NaN,NaN,NaN,NaN,NaN,NaN,NaN,NaN,NaN,0.0917182,NaN,NaN,NaN,NaN,NaN,NaN,NaN,NaN,NaN,NaN,NaN,NaN,0.991224,0.883146,0.556482,0.917914,0.843967,0,0.995778,0.707579,NaN,NaN,NaN,NaN,-0.0133867,NaN,0.787274,NaN,NaN,-0.757239,NaN,NaN,-0.0619307,NaN,NaN,NaN,NaN,NaN,NaN,NaN,-0.785384,NaN,NaN,NaN,NaN,0.665705,NaN,NaN,NaN,NaN,NaN,NaN,NaN,NaN,NaN,NaN,NaN,NaN,NaN,NaN,137
88.0932,29.7915,126.347,NaN,NaN,NaN,NaN,NaN,NaN,NaN,NaN,-0.538172,NaN,NaN,NaN,NaN,NaN,NaN,NaN,NaN,NaN,NaN,NaN,NaN,NaN,NaN,NaN,NaN,NaN,NaN,NaN,NaN,NaN,NaN,NaN,0.40117,NaN,-0.943477,NaN,NaN,NaN,NaN,NaN,NaN,0.92847,NaN,NaN,NaN,NaN,NaN,NaN,NaN,NaN,NaN,NaN,NaN,NaN,NaN,NaN,NaN,0.288434,NaN,NaN,NaN,NaN,NaN,NaN,NaN,NaN,NaN,-0.621041,NaN,NaN,NaN,NaN,NaN,NaN,NaN,NaN,-0.70975,NaN,NaN,NaN,NaN,NaN,NaN,NaN,NaN,NaN,NaN,-0.377378,0.490189,0.963551,0.314887,0.908403,0.86564,0.995778,0,0.735182,NaN,NaN,NaN,NaN,NaN,NaN,NaN,NaN,NaN,NaN,NaN,NaN,NaN,0.839412,NaN,NaN,NaN,NaN,NaN,NaN,NaN,NaN,0.653911,NaN,NaN,NaN,NaN,NaN,NaN,NaN,NaN,NaN,NaN,NaN,NaN,NaN,NaN,NaN,NaN,NaN,138
109.341,16.4346,125.172,0.966446,NaN,NaN,NaN,NaN,NaN,NaN,NaN,NaN,NaN,NaN,NaN,NaN,NaN,NaN,NaN,-0.938842,NaN,NaN,NaN,NaN,NaN,NaN,NaN,NaN,NaN,NaN,NaN,NaN,NaN,NaN,NaN,NaN,NaN,NaN,NaN,NaN,NaN,NaN,0.0237202,NaN,NaN,NaN,-0.826612,NaN,NaN,NaN,NaN,NaN,NaN,NaN,NaN,NaN,NaN,NaN,-0.562059,NaN,NaN,NaN,NaN,NaN,NaN,NaN,NaN,NaN,NaN,NaN,NaN,NaN,NaN,0.973508,NaN,NaN,NaN,NaN,-0.650938,NaN,NaN,NaN,NaN,NaN,NaN,0.0739052,NaN,NaN,NaN,NaN,NaN,0.973679,0.923912,0.902612,NaN,0.38147,0.707579,0.735182,0,-0.354503,NaN,NaN,NaN,0.390266,0.129218,NaN,NaN,NaN,NaN,NaN,NaN,NaN,NaN,NaN,NaN,NaN,NaN,NaN,NaN,NaN,0.254951,NaN,NaN,NaN,NaN,NaN,NaN,NaN,NaN,NaN,NaN,NaN,NaN,NaN,NaN,NaN,NaN,NaN,0.585869,140
96.1817,22.5004,130.392,NaN,NaN,NaN,NaN,-0.697098,NaN,NaN,-0.887672,NaN,NaN,NaN,NaN,NaN,NaN,NaN,NaN,NaN,NaN,NaN,NaN,NaN,NaN,NaN,NaN,NaN,NaN,NaN,NaN,NaN,NaN,0.513177,NaN,NaN,0.91938,NaN,NaN,NaN,NaN,NaN,NaN,NaN,NaN,NaN,NaN,NaN,0.222045,NaN,NaN,NaN,-0.716579,NaN,NaN,NaN,-0.846262,NaN,0.0333395,NaN,NaN,NaN,NaN,NaN,NaN,NaN,NaN,NaN,NaN,NaN,NaN,NaN,NaN,NaN,NaN,NaN,NaN,NaN,NaN,NaN,NaN,NaN,NaN,NaN,-0.486406,NaN,NaN,NaN,NaN,NaN,NaN,NaN,NaN,NaN,NaN,NaN,NaN,NaN,-0.354503,0,0.943391,NaN,0.887384,0.562507,NaN,NaN,NaN,NaN,NaN,NaN,0.409865,0.496453,0.00586427,0.514626,NaN,NaN,0.837348,NaN,NaN,NaN,NaN,NaN,NaN,NaN,NaN,NaN,NaN,NaN,NaN,NaN,NaN,0.307835,NaN,NaN,NaN,NaN,NaN,NaN,-0.662883,141
76.8996,29.4383,132.002,NaN,NaN,NaN,0.184902,NaN,-0.778499,NaN,0.155629,NaN,NaN,NaN,NaN,NaN,NaN,NaN,NaN,NaN,NaN,NaN,NaN,NaN,0.545402,NaN,NaN,NaN,NaN,NaN,NaN,NaN,NaN,-0.812288,NaN,NaN,NaN,0.302824,NaN,NaN,NaN,NaN,NaN,NaN,NaN,NaN,NaN,NaN,NaN,NaN,NaN,NaN,NaN,-0.735411,NaN,NaN,NaN,NaN,NaN,NaN,NaN,NaN,NaN,NaN,NaN,NaN,NaN,NaN,NaN,0.104142,-0.193585,NaN,NaN,NaN,NaN,NaN,NaN,NaN,NaN,NaN,NaN,NaN,NaN,NaN,NaN,NaN,NaN,NaN,-0.0303002,NaN,-0.513277,NaN,NaN,NaN,NaN,NaN,NaN,NaN,NaN,0.943391,0,0.8869,NaN,0.912526,0.742454,NaN,NaN,NaN,NaN,NaN,NaN,NaN,NaN,NaN,NaN,-0.875204,NaN,NaN,0.774572,NaN,NaN,NaN,NaN,NaN,NaN,NaN,-0.21187,NaN,NaN,0.408456,-0.473708,NaN,-0.265236,NaN,NaN,NaN,NaN,NaN,NaN,142
111.627,73.592,131.456,NaN,NaN,NaN,NaN,NaN,NaN,NaN,NaN,NaN,NaN,NaN,NaN,NaN,NaN,NaN,NaN,NaN,NaN,NaN,NaN,NaN,NaN,NaN,NaN,0.353752,NaN,NaN,NaN,NaN,NaN,NaN,NaN,NaN,NaN,NaN,NaN,NaN,NaN,NaN,NaN,NaN,NaN,NaN,NaN,NaN,NaN,NaN,NaN,NaN,NaN,0.928939,NaN,NaN,0.732663,NaN,NaN,NaN,NaN,NaN,NaN,NaN,NaN,NaN,NaN,NaN,NaN,NaN,NaN,NaN,NaN,NaN,0.402521,0.630407,NaN,NaN,NaN,NaN,NaN,NaN,NaN,NaN,NaN,NaN,NaN,NaN,NaN,NaN,-0.910837,NaN,NaN,NaN,NaN,NaN,NaN,NaN,NaN,NaN,0.8869,0,0.648418,0.585025,NaN,NaN,NaN,NaN,NaN,NaN,NaN,NaN,NaN,0.249285,NaN,0.670568,NaN,NaN,NaN,NaN,NaN,NaN,NaN,NaN,-0.239742,NaN,NaN,-0.646067,NaN,NaN,0.517765,-0.362365,NaN,NaN,NaN,NaN,NaN,NaN,NaN,143
43.1415,30.5333,133.18,NaN,NaN,NaN,NaN,NaN,NaN,NaN,NaN,NaN,NaN,NaN,NaN,NaN,NaN,NaN,NaN,NaN,NaN,NaN,NaN,NaN,NaN,NaN,NaN,0.892645,NaN,NaN,NaN,NaN,NaN,NaN,0.018506,NaN,NaN,NaN,NaN,NaN,NaN,NaN,NaN,0.0938125,NaN,NaN,0.0537782,-0.388246,NaN,NaN,NaN,NaN,NaN,NaN,NaN,NaN,NaN,NaN,NaN,NaN,NaN,NaN,NaN,NaN,NaN,NaN,NaN,NaN,NaN,NaN,NaN,NaN,NaN,-0.762497,NaN,NaN,NaN,NaN,NaN,NaN,NaN,NaN,NaN,NaN,NaN,NaN,NaN,NaN,NaN,NaN,NaN,NaN,NaN,NaN,NaN,NaN,NaN,NaN,NaN,0.887384,NaN,0.648418,0,0.350398,NaN,NaN,NaN,NaN,NaN,NaN,0.379402,NaN,NaN,NaN,NaN,NaN,NaN,NaN,NaN,NaN,NaN,NaN,NaN,NaN,NaN,NaN,NaN,NaN,NaN,NaN,NaN,NaN,NaN,NaN,0.18215,NaN,NaN,NaN,NaN,146
93.5568,8.28704,131.81,NaN,NaN,NaN,NaN,NaN,-0.412066,NaN,NaN,NaN,NaN,NaN,NaN,NaN,NaN,NaN,NaN,NaN,NaN,NaN,NaN,NaN,NaN,-0.207225,NaN,NaN,NaN,NaN,NaN,NaN,NaN,NaN,NaN,NaN,NaN,NaN,NaN,NaN,NaN,NaN,NaN,NaN,NaN,NaN,NaN,NaN,NaN,NaN,NaN,NaN,NaN,NaN,NaN,-0.0201477,NaN,0.639674,NaN,NaN,NaN,NaN,NaN,NaN,NaN,NaN,-0.62993,NaN,NaN,NaN,NaN,NaN,NaN,NaN,NaN,NaN,0.412255,NaN,NaN,NaN,NaN,NaN,NaN,-0.356554,0.51071,0.093542,NaN,NaN,NaN,NaN,NaN,NaN,NaN,NaN,NaN,NaN,-0.0133867,NaN,0.390266,0.562507,0.912526,0.585025,0.350398,0,0.915709,NaN,NaN,NaN,NaN,NaN,NaN,NaN,NaN,-0.61597,NaN,NaN,NaN,NaN,NaN,NaN,NaN,NaN,NaN,NaN,NaN,NaN,NaN,NaN,NaN,NaN,NaN,NaN,NaN,NaN,NaN,NaN,NaN,NaN,NaN,148
63.1905,86.939,146.16,NaN,NaN,NaN,NaN,NaN,NaN,NaN,-0.425918,NaN,NaN,NaN,NaN,NaN,NaN,NaN,NaN,NaN,NaN,NaN,NaN,NaN,NaN,NaN,NaN,NaN,NaN,NaN,NaN,-0.625847,NaN,NaN,0.89325,NaN,NaN,-0.873979,NaN,0.348156,NaN,NaN,NaN,NaN,NaN,NaN,0.532723,NaN,NaN,NaN,NaN,NaN,NaN,NaN,NaN,NaN,NaN,NaN,NaN,NaN,NaN,NaN,NaN,NaN,NaN,NaN,0.846895,NaN,NaN,NaN,NaN,NaN,NaN,NaN,NaN,NaN,NaN,NaN,NaN,NaN,NaN,NaN,NaN,NaN,NaN,NaN,NaN,0.412722,NaN,NaN,NaN,NaN,NaN,NaN,NaN,-0.405644,NaN,NaN,0.129218,NaN,0.742454,NaN,NaN,0.915709,0,0.809064,0.913273,0.993577,0.856347,0.467447,0.908938,0.785687,NaN,NaN,NaN,NaN,NaN,NaN,NaN,NaN,NaN,NaN,NaN,NaN,NaN,NaN,NaN,NaN,0.862312,NaN,NaN,NaN,NaN,NaN,NaN,0.674218,NaN,NaN,NaN,151
93.0147,24.3712,148.38,NaN,NaN,NaN,NaN,NaN,NaN,NaN,NaN,NaN,NaN,NaN,NaN,NaN,NaN,NaN,NaN,NaN,-0.30913,NaN,NaN,NaN,NaN,NaN,NaN,NaN,NaN,NaN,NaN,NaN,NaN,NaN,NaN,NaN,NaN,NaN,NaN,NaN,NaN,NaN,NaN,NaN,NaN,NaN,NaN,NaN,NaN,NaN,NaN,NaN,NaN,NaN,-0.138281,0.57014,NaN,NaN,NaN,NaN,NaN,NaN,NaN,NaN,NaN,NaN,NaN,NaN,NaN,NaN,NaN,NaN,NaN,NaN,0.174463,NaN,NaN,NaN,NaN,NaN,NaN,NaN,NaN,-0.861757,NaN,NaN,NaN,NaN,-0.901883,NaN,NaN,NaN,NaN,-0.910359,NaN,NaN,0.787274,NaN,NaN,NaN,NaN,NaN,NaN,NaN,0.809064,0,0.0782585,0.93703,0.45929,NaN,0.926567,0.929649,NaN,NaN,NaN,NaN,NaN,NaN,NaN,NaN,NaN,NaN,0.07952,-0.696375,NaN,NaN,NaN,-0.374636,NaN,NaN,NaN,NaN,NaN,NaN,NaN,NaN,NaN,NaN,NaN,152
84.7885,34.2348,148.199,NaN,0.642239,NaN,-0.520452,NaN,NaN,NaN,NaN,NaN,NaN,NaN,NaN,NaN,NaN,0.846312,NaN,NaN,NaN,NaN,NaN,NaN,NaN,NaN,NaN,NaN,0.371442,NaN,-0.182248,NaN,NaN,NaN,NaN,NaN,NaN,NaN,NaN,-0.486833,NaN,-0.672232,NaN,NaN,0.72042,NaN,NaN,NaN,NaN,0.876751,NaN,-0.0297926,NaN,NaN,NaN,NaN,NaN,NaN,NaN,NaN,0.0254246,NaN,NaN,NaN,NaN,NaN,NaN,0.557369,NaN,NaN,NaN,NaN,NaN,NaN,0.820759,-0.156413,NaN,0.135252,-0.0728621,NaN,NaN,NaN,NaN,NaN,NaN,NaN,NaN,-0.822145,NaN,NaN,NaN,NaN,0.290072,NaN,NaN,NaN,NaN,NaN,NaN,NaN,NaN,NaN,NaN,NaN,0.913273,0.0782585,0,0.731504,0.829907,0.400751,0.813071,0.864868,NaN,NaN,NaN,NaN,NaN,NaN,NaN,NaN,NaN,NaN,NaN,NaN,NaN,-0.258095,NaN,NaN,NaN,0.604126,NaN,NaN,NaN,NaN,NaN,NaN,NaN,NaN,NaN,154
44.5758,105.429,147.881,NaN,NaN,NaN,NaN,NaN,NaN,NaN,0.0886386,NaN,NaN,NaN,NaN,NaN,NaN,NaN,NaN,NaN,NaN,NaN,NaN,NaN,NaN,NaN,NaN,NaN,NaN,NaN,NaN,NaN,-0.911124,NaN,NaN,NaN,NaN,-0.577234,NaN,NaN,NaN,NaN,NaN,NaN,0.403557,NaN,NaN,NaN,NaN,NaN,NaN,NaN,NaN,NaN,NaN,NaN,NaN,NaN,-0.242455,NaN,NaN,NaN,NaN,0.808354,NaN,NaN,NaN,NaN,NaN,NaN,0.598163,NaN,NaN,NaN,NaN,NaN,NaN,NaN,NaN,NaN,NaN,NaN,NaN,NaN,NaN,NaN,NaN,0.811644,-0.769917,NaN,NaN,-0.818152,NaN,-0.759937,NaN,NaN,NaN,NaN,NaN,NaN,NaN,NaN,NaN,NaN,0.993577,0.93703,0.731504,0,0.938041,0.953658,0.913101,0.819411,NaN,NaN,NaN,NaN,NaN,NaN,NaN,NaN,NaN,NaN,NaN,NaN,NaN,NaN,NaN,NaN,-0.5309,NaN,NaN,NaN,NaN,NaN,NaN,NaN,NaN,NaN,NaN,155
63.8386,23.9669,146.207,NaN,NaN,NaN,0.655493,NaN,NaN,NaN,NaN,NaN,NaN,NaN,NaN,NaN,NaN,NaN,NaN,NaN,NaN,NaN,NaN,NaN,NaN,NaN,NaN,NaN,NaN,NaN,NaN,NaN,NaN,NaN,NaN,NaN,NaN,NaN,NaN,NaN,NaN,NaN,NaN,-0.338421,NaN,-0.673249,NaN,NaN,-0.701775,NaN,-0.423375,NaN,NaN,NaN,0.351973,0.324839,NaN,NaN,NaN,-0.926863,NaN,NaN,NaN,0.227822,NaN,NaN,NaN,NaN,NaN,NaN,NaN,NaN,NaN,NaN,NaN,NaN,NaN,NaN,NaN,NaN,NaN,NaN,NaN,NaN,NaN,NaN,NaN,NaN,NaN,NaN,NaN,0.711033,NaN,NaN,NaN,NaN,-0.757239,NaN,NaN,NaN,NaN,NaN,NaN,NaN,0.856347,0.45929,0.829907,0.938041,0,0.880806,0.607179,0.849865,NaN,NaN,NaN,NaN,NaN,NaN,NaN,NaN,NaN,NaN,NaN,NaN,NaN,NaN,NaN,NaN,NaN,NaN,NaN,0.974544,NaN,NaN,NaN,NaN,NaN,NaN,NaN,156
103.622,76.5653,147.765,NaN,NaN,NaN,0.141232,0.740452,NaN,NaN,NaN,NaN,NaN,NaN,NaN,-0.306651,NaN,NaN,NaN,NaN,NaN,NaN,NaN,NaN,NaN,NaN,-0.353138,NaN,NaN,NaN,NaN,NaN,NaN,NaN,0.564677,NaN,NaN,NaN,NaN,NaN,NaN,NaN,NaN,NaN,NaN,-0.94314,NaN,-0.225406,NaN,NaN,NaN,NaN,NaN,NaN,NaN,NaN,NaN,-0.5998,NaN,NaN,NaN,NaN,NaN,NaN,NaN,NaN,NaN,NaN,NaN,NaN,NaN,NaN,0.768211,NaN,NaN,NaN,NaN,NaN,NaN,NaN,NaN,NaN,NaN,NaN,NaN,NaN,NaN,NaN,NaN,NaN,NaN,NaN,NaN,NaN,NaN,NaN,NaN,NaN,NaN,NaN,NaN,NaN,NaN,NaN,0.467447,NaN,0.400751,0.953658,0.880806,0,0.990919,0.800909,NaN,NaN,NaN,NaN,NaN,NaN,NaN,-0.581852,NaN,NaN,NaN,NaN,NaN,NaN,NaN,NaN,NaN,-0.525215,NaN,NaN,NaN,NaN,NaN,NaN,NaN,NaN,NaN,157
113.296,54.2838,145.424,NaN,NaN,NaN,NaN,NaN,NaN,NaN,NaN,NaN,NaN,NaN,NaN,NaN,NaN,NaN,NaN,NaN,NaN,NaN,NaN,NaN,NaN,0.973374,NaN,NaN,NaN,0.98753,NaN,NaN,0.0101369,NaN,NaN,0.303292,NaN,NaN,NaN,NaN,NaN,NaN,NaN,NaN,NaN,0.124229,NaN,NaN,NaN,NaN,NaN,NaN,NaN,NaN,NaN,NaN,NaN,NaN,NaN,NaN,NaN,NaN,NaN,NaN,NaN,NaN,NaN,NaN,-0.214686,0.35488,NaN,-0.850986,NaN,NaN,NaN,NaN,NaN,NaN,NaN,NaN,NaN,NaN,NaN,NaN,NaN,NaN,NaN,NaN,NaN,NaN,NaN,NaN,NaN,0.880464,NaN,NaN,NaN,NaN,NaN,0.409865,NaN,NaN,0.379402,NaN,0.908938,0.926567,0.813071,0.913101,0.607179,0.990919,0,0.863011,NaN,NaN,NaN,0.26772,NaN,NaN,NaN,-0.776711,NaN,NaN,-0.708069,NaN,0.0490937,NaN,-0.869781,NaN,NaN,NaN,NaN,-0.578342,NaN,NaN,NaN,NaN,NaN,NaN,NaN,158
49.1794,48.1377,147.518,NaN,NaN,NaN,NaN,NaN,NaN,NaN,NaN,NaN,0.382642,NaN,NaN,NaN,NaN,NaN,NaN,NaN,0.402573,NaN,NaN,NaN,NaN,NaN,NaN,NaN,NaN,NaN,NaN,NaN,NaN,NaN,NaN,NaN,NaN,NaN,NaN,NaN,NaN,NaN,NaN,NaN,NaN,NaN,NaN,NaN,NaN,-0.978214,NaN,-0.192709,NaN,NaN,NaN,NaN,NaN,NaN,NaN,0.164107,0.651539,NaN,NaN,NaN,NaN,NaN,NaN,NaN,NaN,NaN,NaN,NaN,NaN,NaN,-0.600166,NaN,NaN,NaN,NaN,NaN,NaN,NaN,NaN,NaN,NaN,NaN,NaN,0.975317,NaN,NaN,NaN,NaN,NaN,NaN,NaN,NaN,-0.0619307,NaN,NaN,0.496453,NaN,NaN,NaN,NaN,0.785687,0.929649,0.864868,0.819411,0.849865,0.800909,0.863011,0,NaN,NaN,NaN,NaN,NaN,NaN,0.200637,NaN,NaN,NaN,NaN,NaN,NaN,NaN,NaN,NaN,NaN,-0.243295,NaN,0.983956,NaN,NaN,NaN,NaN,NaN,NaN,0.43895,159
71.1497,60.7005,129.991,NaN,NaN,NaN,NaN,NaN,NaN,NaN,NaN,NaN,NaN,0.727599,NaN,NaN,NaN,NaN,NaN,NaN,NaN,NaN,NaN,NaN,NaN,NaN,NaN,NaN,NaN,NaN,NaN,NaN,NaN,-0.0947568,NaN,-0.452659,NaN,NaN,NaN,NaN,NaN,NaN,0.820715,NaN,-0.951201,NaN,NaN,-0.6377,NaN,NaN,NaN,NaN,NaN,NaN,NaN,NaN,NaN,NaN,NaN,NaN,0.712336,NaN,NaN,NaN,NaN,NaN,NaN,NaN,NaN,NaN,NaN,NaN,NaN,NaN,-0.558086,NaN,NaN,NaN,0.177761,NaN,NaN,NaN,NaN,NaN,NaN,NaN,NaN,NaN,NaN,NaN,NaN,NaN,NaN,NaN,NaN,NaN,NaN,0.839412,NaN,0.00586427,NaN,NaN,NaN,NaN,NaN,NaN,NaN,NaN,NaN,NaN,NaN,NaN,0,0.0130318,0.994642,0.782926,0.998091,NaN,NaN,NaN,NaN,NaN,NaN,NaN,-0.629978,NaN,0.484663,NaN,NaN,NaN,0.787942,NaN,NaN,NaN,0.814093,NaN,NaN,NaN,-0.879588,161
28.867,77.9282,131.29,0.124353,NaN,NaN,NaN,NaN,NaN,NaN,NaN,NaN,0.576262,NaN,NaN,NaN,-0.715264,NaN,NaN,NaN,NaN,NaN,NaN,NaN,0.172332,NaN,NaN,NaN,NaN,NaN,NaN,NaN,NaN,NaN,NaN,NaN,NaN,NaN,NaN,NaN,NaN,NaN,NaN,NaN,NaN,NaN,NaN,NaN,NaN,NaN,NaN,NaN,0.715758,NaN,NaN,NaN,NaN,NaN,NaN,NaN,NaN,NaN,NaN,NaN,NaN,NaN,NaN,NaN,NaN,NaN,NaN,NaN,0.631356,NaN,NaN,NaN,NaN,NaN,NaN,NaN,NaN,NaN,NaN,NaN,NaN,NaN,NaN,NaN,NaN,NaN,NaN,NaN,-0.845725,NaN,NaN,NaN,NaN,NaN,NaN,0.514626,NaN,0.249285,NaN,-0.61597,NaN,NaN,NaN,NaN,NaN,NaN,NaN,NaN,0.0130318,0,0.800141,0.994388,0.583308,NaN,NaN,NaN,NaN,NaN,0.868164,0.479566,NaN,NaN,NaN,0.864383,NaN,NaN,NaN,NaN,NaN,NaN,NaN,NaN,NaN,NaN,NaN,165
95.5568,33.6562,130.024,NaN,NaN,NaN,NaN,NaN,NaN,NaN,0.424789,NaN,NaN,NaN,NaN,NaN,NaN,NaN,NaN,NaN,NaN,NaN,NaN,NaN,NaN,NaN,NaN,NaN,NaN,NaN,NaN,NaN,NaN,NaN,NaN,-0.443304,NaN,NaN,NaN,NaN,NaN,NaN,NaN,NaN,NaN,NaN,NaN,-0.255642,NaN,NaN,NaN,NaN,NaN,NaN,-0.157176,NaN,NaN,NaN,NaN,NaN,NaN,0.911921,NaN,NaN,NaN,NaN,NaN,NaN,NaN,-0.171444,NaN,NaN,NaN,-0.28713,NaN,NaN,NaN,NaN,NaN,NaN,-0.437422,NaN,NaN,NaN,NaN,NaN,NaN,NaN,NaN,NaN,NaN,NaN,NaN,NaN,NaN,NaN,NaN,NaN,NaN,NaN,NaN,NaN,NaN,NaN,NaN,NaN,NaN,NaN,NaN,NaN,NaN,NaN,0.994642,0.800141,0,0.762045,0.410138,NaN,NaN,NaN,NaN,NaN,NaN,NaN,-0.151111,NaN,-0.0552038,NaN,NaN,NaN,0.0539101,NaN,NaN,NaN,NaN,NaN,NaN,NaN,NaN,167
52.4792,75.9678,130.42,NaN,NaN,-0.225876,NaN,NaN,-0.878783,NaN,NaN,NaN,NaN,NaN,NaN,NaN,NaN,NaN,NaN,NaN,NaN,NaN,NaN,NaN,NaN,NaN,NaN,NaN,NaN,NaN,NaN,NaN,NaN,NaN,NaN,NaN,NaN,NaN,NaN,NaN,NaN,NaN,NaN,NaN,NaN,0.946297,NaN,NaN,NaN,NaN,NaN,NaN,NaN,NaN,NaN,NaN,NaN,NaN,0.576992,NaN,NaN,0.344246,NaN,NaN,NaN,NaN,NaN,NaN,NaN,NaN,NaN,NaN,NaN,0.987751,NaN,NaN,NaN,NaN,NaN,-0.912221,NaN,NaN,NaN,NaN,NaN,-0.0714593,NaN,NaN,NaN,NaN,NaN,NaN,0.76693,NaN,NaN,NaN,NaN,NaN,NaN,NaN,-0.875204,0.670568,NaN,NaN,NaN,NaN,NaN,NaN,NaN,NaN,0.26772,NaN,0.782926,0.994388,0.762045,0,0.794515,NaN,NaN,NaN,NaN,NaN,0.748473,NaN,NaN,NaN,NaN,NaN,0.941883,NaN,-0.894507,NaN,NaN,NaN,NaN,NaN,NaN,NaN,NaN,169
102.194,62.2091,131.483,NaN,NaN,0.136782,NaN,NaN,NaN,NaN,NaN,NaN,0.966653,NaN,NaN,NaN,NaN,NaN,NaN,NaN,NaN,NaN,0.00312408,NaN,NaN,NaN,-0.540442,NaN,NaN,NaN,NaN,NaN,NaN,NaN,NaN,NaN,NaN,NaN,NaN,NaN,NaN,NaN,NaN,NaN,NaN,NaN,NaN,NaN,NaN,NaN,NaN,-0.460115,NaN,NaN,NaN,0.909743,NaN,NaN,NaN,NaN,NaN,0.258762,NaN,NaN,-0.840955,NaN,NaN,NaN,NaN,NaN,NaN,NaN,-0.201816,NaN,0.0182981,NaN,NaN,0.610398,NaN,-0.785904,NaN,NaN,NaN,NaN,-0.463783,NaN,NaN,NaN,NaN,NaN,NaN,NaN,NaN,0.965166,NaN,NaN,NaN,NaN,NaN,0.837348,NaN,NaN,NaN,NaN,NaN,NaN,NaN,NaN,NaN,NaN,NaN,NaN,0.998091,0.583308,0.410138,0.794515,0,NaN,-0.866682,0.641031,NaN,NaN,NaN,NaN,NaN,NaN,NaN,NaN,NaN,0.318895,NaN,NaN,NaN,NaN,NaN,0.618869,NaN,NaN,-0.197334,170
28.6674,61.4026,182.54,NaN,NaN,NaN,NaN,NaN,NaN,NaN,0.574111,NaN,NaN,NaN,0.996453,NaN,NaN,NaN,NaN,NaN,NaN,NaN,NaN,NaN,NaN,NaN,NaN,NaN,NaN,NaN,NaN,NaN,0.288397,NaN,-0.239324,NaN,NaN,0.621715,NaN,NaN,NaN,NaN,NaN,0.64415,NaN,NaN,NaN,NaN,NaN,NaN,NaN,NaN,NaN,-0.99254,NaN,NaN,NaN,NaN,NaN,NaN,NaN,NaN,NaN,NaN,NaN,-0.768399,NaN,NaN,NaN,NaN,NaN,NaN,NaN,NaN,NaN,-0.119869,NaN,NaN,NaN,NaN,0.193692,NaN,NaN,NaN,NaN,NaN,NaN,NaN,NaN,NaN,NaN,NaN,NaN,NaN,NaN,NaN,NaN,NaN,NaN,NaN,NaN,NaN,NaN,NaN,NaN,NaN,NaN,NaN,NaN,NaN,NaN,NaN,NaN,NaN,NaN,NaN,NaN,0,0.878596,0.904366,0.346506,0.960814,0.935313,0.663154,NaN,NaN,NaN,NaN,NaN,NaN,NaN,NaN,NaN,NaN,NaN,NaN,NaN,NaN,NaN,171
29.9155,72.0739,182.227,NaN,NaN,NaN,NaN,NaN,NaN,NaN,0.950446,0.121542,NaN,NaN,NaN,NaN,-0.141255,NaN,NaN,NaN,NaN,NaN,NaN,NaN,NaN,NaN,NaN,NaN,-0.772385,NaN,NaN,NaN,NaN,NaN,NaN,NaN,NaN,NaN,NaN,NaN,NaN,0.585664,NaN,NaN,NaN,NaN,NaN,NaN,NaN,NaN,NaN,NaN,NaN,NaN,NaN,NaN,NaN,NaN,NaN,NaN,NaN,NaN,NaN,NaN,NaN,NaN,-0.395377,0.842496,NaN,NaN,NaN,NaN,NaN,NaN,NaN,0.197508,NaN,NaN,NaN,NaN,NaN,NaN,NaN,NaN,NaN,NaN,NaN,NaN,NaN,NaN,NaN,NaN,NaN,NaN,-0.644188,NaN,NaN,NaN,NaN,NaN,0.774572,NaN,NaN,NaN,NaN,NaN,NaN,NaN,NaN,NaN,NaN,0.200637,NaN,NaN,NaN,NaN,-0.866682,0.878596,0,0.76516,0.785354,NaN,0.578534,0.729566,NaN,NaN,NaN,NaN,NaN,-0.194131,NaN,NaN,NaN,NaN,NaN,NaN,NaN,NaN,NaN,172
77.5515,87.8485,184.429,0.764955,NaN,NaN,0.46214,NaN,NaN,NaN,NaN,NaN,0.368627,NaN,NaN,NaN,NaN,NaN,NaN,NaN,NaN,NaN,NaN,NaN,NaN,-0.426238,NaN,NaN,0.28955,NaN,NaN,NaN,NaN,NaN,NaN,NaN,NaN,NaN,NaN,NaN,0.19773,NaN,NaN,NaN,NaN,NaN,NaN,NaN,NaN,NaN,NaN,NaN,NaN,NaN,NaN,-0.29881,NaN,NaN,NaN,NaN,NaN,NaN,NaN,NaN,NaN,NaN,NaN,NaN,NaN,-0.3893,-0.426741,NaN,NaN,NaN,NaN,NaN,NaN,NaN,NaN,NaN,0.170394,NaN,NaN,NaN,NaN,0.95153,NaN,NaN,NaN,-0.685328,NaN,NaN,NaN,NaN,NaN,NaN,-0.785384,NaN,NaN,NaN,NaN,NaN,NaN,NaN,NaN,NaN,NaN,NaN,NaN,-0.581852,-0.776711,NaN,NaN,NaN,NaN,NaN,0.641031,0.904366,0.76516,0,0.37307,0.719417,0.9969,0.583524,NaN,NaN,NaN,NaN,NaN,NaN,NaN,NaN,NaN,-0.417292,NaN,NaN,NaN,NaN,NaN,174
75.9273,53.6127,185.216,NaN,NaN,NaN,NaN,NaN,NaN,NaN,NaN,0.525795,NaN,NaN,NaN,-0.187174,NaN,0.454373,NaN,NaN,NaN,NaN,NaN,NaN,NaN,NaN,NaN,NaN,NaN,NaN,NaN,NaN,NaN,NaN,NaN,NaN,NaN,NaN,NaN,NaN,NaN,NaN,NaN,0.190521,-0.592583,NaN,NaN,NaN,NaN,0.646244,NaN,NaN,NaN,NaN,NaN,NaN,NaN,-0.747993,NaN,NaN,NaN,NaN,NaN,NaN,NaN,NaN,NaN,NaN,NaN,0.348629,NaN,NaN,NaN,-0.699004,NaN,NaN,NaN,NaN,NaN,NaN,NaN,NaN,NaN,NaN,NaN,NaN,NaN,NaN,NaN,NaN,NaN,NaN,NaN,0.842205,NaN,NaN,NaN,NaN,0.254951,NaN,NaN,NaN,NaN,NaN,NaN,NaN,NaN,NaN,NaN,NaN,NaN,NaN,NaN,NaN,NaN,NaN,NaN,0.346506,0.785354,0.37307,0,0.887762,0.995014,0.947028,NaN,NaN,NaN,NaN,NaN,NaN,0.636929,NaN,NaN,NaN,NaN,NaN,NaN,NaN,NaN,176
82.8877,70.9986,184.143,NaN,NaN,NaN,NaN,NaN,NaN,NaN,NaN,NaN,NaN,NaN,NaN,NaN,NaN,NaN,NaN,NaN,NaN,NaN,NaN,NaN,NaN,NaN,NaN,NaN,NaN,-0.788201,NaN,NaN,NaN,NaN,NaN,0.842664,NaN,NaN,0.366992,NaN,NaN,NaN,NaN,NaN,NaN,NaN,0.913331,NaN,NaN,NaN,NaN,0.363549,0.567229,NaN,NaN,NaN,NaN,NaN,NaN,NaN,0.523694,NaN,NaN,NaN,NaN,0.0245214,NaN,NaN,NaN,NaN,NaN,-0.319103,NaN,NaN,NaN,NaN,NaN,NaN,NaN,NaN,NaN,NaN,NaN,NaN,NaN,NaN,NaN,NaN,NaN,NaN,NaN,NaN,NaN,NaN,NaN,NaN,NaN,0.653911,NaN,NaN,NaN,NaN,NaN,NaN,NaN,NaN,NaN,NaN,NaN,NaN,NaN,NaN,NaN,NaN,NaN,NaN,NaN,0.960814,NaN,0.719417,0.887762,0,NaN,NaN,NaN,NaN,NaN,NaN,NaN,NaN,NaN,NaN,NaN,NaN,NaN,NaN,NaN,NaN,NaN,177
59.2155,94.3608,182.488,NaN,NaN,NaN,NaN,NaN,NaN,NaN,NaN,NaN,NaN,NaN,NaN,NaN,NaN,NaN,NaN,NaN,NaN,NaN,NaN,NaN,-0.740582,NaN,0.652262,NaN,NaN,0.498278,NaN,NaN,NaN,NaN,0.743926,NaN,-0.251283,NaN,NaN,NaN,NaN,NaN,-0.250083,NaN,NaN,NaN,NaN,NaN,NaN,NaN,NaN,NaN,NaN,-0.611576,NaN,NaN,NaN,NaN,NaN,NaN,NaN,NaN,NaN,0.967293,NaN,NaN,NaN,NaN,NaN,NaN,NaN,NaN,NaN,NaN,NaN,NaN,NaN,NaN,NaN,NaN,NaN,NaN,-0.00611286,NaN,NaN,NaN,-0.36993,NaN,NaN,NaN,-0.250018,NaN,-0.556793,NaN,NaN,NaN,NaN,NaN,NaN,NaN,NaN,NaN,NaN,NaN,NaN,0.07952,NaN,NaN,NaN,NaN,-0.708069,NaN,NaN,0.868164,NaN,0.748473,NaN,0.935313,0.578534,0.9969,0.995014,NaN,0,0.676236,NaN,NaN,NaN,NaN,NaN,NaN,NaN,0.504089,NaN,NaN,NaN,NaN,0.493875,NaN,NaN,178
55.8556,108.62,183.552,NaN,NaN,NaN,NaN,0.233883,NaN,NaN,NaN,NaN,NaN,NaN,NaN,NaN,NaN,NaN,NaN,NaN,-0.539008,NaN,NaN,NaN,NaN,NaN,NaN,NaN,NaN,NaN,NaN,NaN,NaN,NaN,NaN,NaN,NaN,0.355344,NaN,NaN,NaN,NaN,NaN,NaN,NaN,NaN,NaN,NaN,NaN,NaN,NaN,NaN,NaN,-0.693598,NaN,NaN,NaN,NaN,NaN,NaN,-0.276773,NaN,NaN,-0.960902,NaN,-0.456633,NaN,NaN,NaN,NaN,NaN,NaN,NaN,NaN,NaN,NaN,NaN,NaN,NaN,NaN,NaN,-0.560261,-0.686011,NaN,NaN,NaN,NaN,NaN,NaN,-0.483775,-0.907448,NaN,NaN,NaN,NaN,NaN,NaN,NaN,NaN,NaN,NaN,NaN,NaN,NaN,NaN,-0.696375,NaN,NaN,NaN,NaN,NaN,NaN,NaN,0.479566,NaN,NaN,NaN,0.663154,0.729566,0.583524,0.947028,NaN,0.676236,0,NaN,NaN,NaN,NaN,0.725295,NaN,NaN,NaN,NaN,NaN,NaN,NaN,NaN,NaN,NaN,180
23.0116,89.5339,111.016,NaN,NaN,NaN,NaN,NaN,NaN,NaN,NaN,NaN,NaN,NaN,NaN,NaN,NaN,NaN,NaN,NaN,-0.768731,NaN,0.073893,NaN,NaN,NaN,NaN,NaN,NaN,NaN,-0.62207,NaN,NaN,NaN,NaN,NaN,NaN,NaN,NaN,NaN,NaN,NaN,NaN,NaN,NaN,NaN,NaN,NaN,NaN,NaN,NaN,NaN,NaN,NaN,NaN,NaN,NaN,0.582574,NaN,NaN,NaN,NaN,NaN,NaN,NaN,NaN,NaN,NaN,NaN,NaN,0.581405,-0.437566,NaN,NaN,NaN,NaN,NaN,NaN,NaN,NaN,0.0126906,NaN,NaN,NaN,NaN,NaN,NaN,NaN,NaN,NaN,NaN,NaN,NaN,NaN,NaN,NaN,0.665705,NaN,NaN,NaN,NaN,-0.239742,NaN,NaN,NaN,NaN,NaN,NaN,NaN,NaN,0.0490937,NaN,-0.629978,NaN,-0.151111,NaN,NaN,NaN,NaN,NaN,NaN,NaN,NaN,NaN,0,0.577603,0.975617,0.828517,0.21796,0.640394,0.803039,0.921446,0.501369,NaN,NaN,NaN,NaN,NaN,NaN,181
27.9652,73.8001,112.778,NaN,NaN,NaN,NaN,NaN,NaN,NaN,NaN,NaN,NaN,0.215007,NaN,NaN,NaN,NaN,-0.0680824,NaN,NaN,NaN,NaN,NaN,NaN,NaN,0.96186,NaN,NaN,NaN,NaN,NaN,NaN,NaN,NaN,NaN,NaN,NaN,NaN,NaN,NaN,NaN,NaN,NaN,NaN,NaN,NaN,0.61781,NaN,NaN,0.075061,NaN,NaN,NaN,NaN,NaN,NaN,NaN,NaN,NaN,0.175158,-0.91458,NaN,NaN,NaN,NaN,NaN,NaN,NaN,NaN,NaN,NaN,NaN,NaN,NaN,NaN,NaN,NaN,-0.926879,NaN,NaN,NaN,NaN,NaN,NaN,NaN,NaN,NaN,NaN,NaN,NaN,NaN,NaN,-0.386458,NaN,-0.701553,NaN,NaN,NaN,NaN,NaN,NaN,NaN,NaN,NaN,NaN,-0.258095,NaN,NaN,NaN,NaN,NaN,NaN,NaN,NaN,NaN,NaN,NaN,NaN,NaN,NaN,NaN,NaN,NaN,0.577603,0,0.809111,0.820366,0.610227,0.936358,0.834254,0.346539,NaN,NaN,NaN,NaN,NaN,NaN,NaN,182
40.2121,85.588,113.434,NaN,NaN,NaN,NaN,NaN,NaN,NaN,NaN,NaN,NaN,NaN,0.906729,NaN,NaN,-0.133651,NaN,NaN,NaN,NaN,0.452483,NaN,NaN,NaN,NaN,NaN,-0.797284,NaN,0.310595,NaN,NaN,NaN,NaN,NaN,NaN,NaN,-0.471647,NaN,NaN,NaN,NaN,NaN,NaN,NaN,0.364199,NaN,NaN,NaN,NaN,0.358686,NaN,NaN,NaN,NaN,NaN,NaN,NaN,NaN,NaN,NaN,NaN,NaN,NaN,NaN,0.371481,NaN,NaN,NaN,-0.747533,NaN,NaN,NaN,NaN,0.817233,NaN,NaN,0.172337,NaN,NaN,NaN,NaN,NaN,NaN,-0.481618,NaN,NaN,NaN,NaN,NaN,NaN,-0.376741,NaN,NaN,NaN,NaN,NaN,NaN,NaN,-0.21187,NaN,NaN,NaN,NaN,NaN,NaN,NaN,NaN,NaN,-0.869781,NaN,0.484663,NaN,-0.0552038,NaN,NaN,NaN,NaN,NaN,NaN,NaN,NaN,NaN,0.975617,0.809111,0,0.982848,0.499386,0.863694,0.782035,0.873448,NaN,NaN,-0.428703,NaN,NaN,NaN,NaN,183
51.3217,72.6426,113.088,NaN,NaN,NaN,NaN,NaN,NaN,NaN,NaN,NaN,NaN,NaN,NaN,NaN,NaN,NaN,NaN,0.462736,NaN,NaN,NaN,-0.297575,NaN,NaN,NaN,NaN,NaN,NaN,NaN,NaN,NaN,NaN,NaN,NaN,-0.365983,0.994519,NaN,NaN,NaN,NaN,-0.340252,NaN,NaN,NaN,NaN,NaN,NaN,NaN,NaN,NaN,NaN,NaN,NaN,NaN,NaN,NaN,NaN,NaN,NaN,NaN,NaN,NaN,0.495218,NaN,NaN,NaN,NaN,NaN,NaN,NaN,NaN,NaN,NaN,NaN,-0.141385,NaN,NaN,NaN,NaN,NaN,NaN,NaN,NaN,NaN,NaN,NaN,NaN,NaN,NaN,NaN,NaN,NaN,NaN,NaN,NaN,NaN,NaN,NaN,NaN,-0.646067,NaN,NaN,NaN,-0.374636,NaN,NaN,NaN,NaN,NaN,NaN,NaN,0.864383,NaN,NaN,NaN,NaN,NaN,NaN,NaN,NaN,NaN,NaN,0.828517,0.820366,0.982848,0,0.984152,NaN,NaN,0.813359,NaN,NaN,NaN,NaN,NaN,NaN,NaN,184
69.8142,62.045,109.893,NaN,NaN,NaN,NaN,NaN,NaN,NaN,NaN,NaN,NaN,NaN,NaN,0.373609,NaN,NaN,NaN,NaN,0.673634,NaN,NaN,NaN,NaN,NaN,NaN,NaN,NaN,NaN,NaN,NaN,NaN,NaN,NaN,NaN,NaN,-0.038131,NaN,NaN,NaN,NaN,NaN,NaN,NaN,0.0310555,NaN,NaN,NaN,NaN,NaN,NaN,NaN,-0.786937,NaN,NaN,NaN,NaN,NaN,NaN,NaN,NaN,0.017177,NaN,NaN,NaN,NaN,NaN,NaN,NaN,NaN,NaN,NaN,NaN,NaN,-0.61241,NaN,NaN,NaN,NaN,NaN,NaN,NaN,-0.210195,NaN,NaN,NaN,NaN,-0.700567,NaN,NaN,NaN,NaN,NaN,NaN,NaN,NaN,NaN,NaN,NaN,NaN,NaN,NaN,NaN,0.862312,NaN,NaN,-0.5309,NaN,NaN,NaN,NaN,NaN,NaN,NaN,0.941883,NaN,NaN,NaN,NaN,NaN,NaN,NaN,0.725295,0.21796,0.610227,0.499386,0.984152,0,0.704359,0.154709,0.887651,NaN,NaN,NaN,NaN,NaN,NaN,NaN,185
52.499,45.6845,111.955,NaN,NaN,NaN,NaN,NaN,NaN,NaN,NaN,NaN,NaN,NaN,NaN,NaN,NaN,-0.928912,NaN,NaN,NaN,NaN,NaN,-0.791481,NaN,NaN,NaN,NaN,NaN,NaN,NaN,0.990869,NaN,NaN,0.163836,NaN,-0.167145,-0.486967,NaN,NaN,-0.966973,0.143313,NaN,NaN,NaN,NaN,NaN,NaN,-0.841013,NaN,NaN,NaN,NaN,-0.304977,NaN,NaN,NaN,NaN,NaN,NaN,0.8205,NaN,-0.320912,NaN,NaN,NaN,NaN,NaN,NaN,NaN,NaN,NaN,NaN,NaN,NaN,NaN,0.135666,NaN,NaN,NaN,NaN,NaN,NaN,NaN,NaN,NaN,NaN,NaN,NaN,NaN,NaN,NaN,NaN,NaN,NaN,NaN,NaN,NaN,NaN,NaN,0.408456,NaN,NaN,NaN,NaN,NaN,0.604126,NaN,NaN,-0.525215,NaN,-0.243295,NaN,NaN,NaN,NaN,0.318895,NaN,-0.194131,NaN,NaN,NaN,NaN,NaN,0.640394,0.936358,0.863694,NaN,0.704359,0,0.899102,0.69712,NaN,NaN,NaN,NaN,NaN,NaN,NaN,186
21.1016,39.6578,112.377,NaN,NaN,NaN,NaN,NaN,NaN,NaN,NaN,NaN,-0.462386,NaN,NaN,NaN,NaN,NaN,NaN,-0.978276,NaN,NaN,NaN,NaN,NaN,NaN,NaN,NaN,NaN,NaN,NaN,NaN,NaN,NaN,NaN,NaN,NaN,NaN,NaN,NaN,NaN,NaN,NaN,NaN,NaN,NaN,NaN,NaN,NaN,NaN,NaN,NaN,NaN,NaN,NaN,NaN,NaN,NaN,-0.667751,NaN,0.455594,NaN,NaN,NaN,NaN,NaN,NaN,NaN,NaN,NaN,NaN,NaN,NaN,NaN,NaN,NaN,NaN,NaN,NaN,NaN,NaN,0.661632,NaN,NaN,NaN,NaN,0.252422,NaN,NaN,NaN,NaN,NaN,NaN,NaN,NaN,NaN,NaN,NaN,NaN,NaN,-0.473708,0.517765,NaN,NaN,NaN,NaN,NaN,NaN,NaN,NaN,NaN,NaN,0.787942,NaN,0.0539101,-0.894507,NaN,NaN,NaN,NaN,0.636929,NaN,NaN,NaN,0.803039,0.834254,0.782035,NaN,0.154709,0.899102,0,0.628408,NaN,NaN,NaN,NaN,NaN,NaN,0.888578,187
67.0864,59.0934,110.482,NaN,NaN,NaN,NaN,NaN,NaN,NaN,NaN,NaN,0.0387711,NaN,NaN,NaN,NaN,NaN,NaN,NaN,NaN,NaN,NaN,NaN,NaN,NaN,NaN,NaN,NaN,NaN,NaN,NaN,NaN,NaN,NaN,NaN,NaN,NaN,NaN,NaN,0.312748,NaN,NaN,NaN,NaN,NaN,NaN,NaN,NaN,NaN,NaN,NaN,-0.272046,NaN,NaN,NaN,NaN,NaN,NaN,NaN,NaN,NaN,NaN,NaN,NaN,0.404221,NaN,NaN,NaN,NaN,0.947659,NaN,NaN,NaN,NaN,NaN,NaN,NaN,NaN,NaN,NaN,NaN,NaN,NaN,NaN,NaN,NaN,NaN,NaN,0.158829,NaN,NaN,NaN,NaN,NaN,NaN,NaN,NaN,NaN,0.307835,NaN,-0.362365,NaN,NaN,NaN,NaN,NaN,NaN,0.974544,NaN,-0.578342,0.983956,NaN,NaN,NaN,NaN,NaN,NaN,NaN,NaN,NaN,NaN,0.504089,NaN,0.921446,0.346539,0.873448,0.813359,0.887651,0.69712,0.628408,0,NaN,NaN,NaN,0.273135,NaN,NaN,NaN,188
81.7987,50.8752,182.378,NaN,NaN,NaN,NaN,NaN,NaN,NaN,NaN,NaN,NaN,NaN,NaN,NaN,NaN,NaN,NaN,NaN,NaN,NaN,NaN,0.351826,NaN,-0.103293,NaN,NaN,NaN,NaN,NaN,NaN,NaN,NaN,NaN,NaN,NaN,NaN,NaN,NaN,NaN,NaN,NaN,NaN,NaN,NaN,NaN,NaN,NaN,NaN,NaN,NaN,NaN,NaN,NaN,NaN,NaN,NaN,NaN,NaN,NaN,NaN,NaN,NaN,NaN,NaN,NaN,NaN,NaN,NaN,NaN,0.463477,NaN,NaN,NaN,NaN,NaN,NaN,NaN,NaN,NaN,NaN,NaN,NaN,NaN,NaN,NaN,NaN,NaN,NaN,NaN,-0.974955,NaN,NaN,NaN,NaN,NaN,NaN,NaN,NaN,-0.265236,NaN,NaN,NaN,NaN,NaN,NaN,NaN,NaN,NaN,NaN,NaN,NaN,NaN,NaN,NaN,NaN,NaN,NaN,NaN,NaN,NaN,NaN,NaN,0.501369,NaN,NaN,NaN,NaN,NaN,NaN,NaN,0,0.457813,0.788351,0.625649,0.867673,0.608234,0.727857,192
10.4174,47.3242,182.821,NaN,NaN,NaN,NaN,NaN,NaN,NaN,NaN,NaN,NaN,NaN,NaN,NaN,NaN,0.909608,NaN,NaN,NaN,NaN,NaN,NaN,NaN,NaN,NaN,NaN,NaN,NaN,NaN,NaN,NaN,NaN,NaN,NaN,NaN,NaN,NaN,NaN,NaN,NaN,NaN,NaN,NaN,NaN,NaN,NaN,NaN,NaN,NaN,NaN,0.62158,NaN,-0.729296,NaN,NaN,NaN,NaN,NaN,NaN,NaN,NaN,NaN,NaN,NaN,NaN,NaN,0.834215,NaN,-0.375959,NaN,NaN,NaN,NaN,NaN,NaN,NaN,NaN,NaN,NaN,NaN,NaN,NaN,NaN,NaN,NaN,NaN,NaN,NaN,NaN,NaN,NaN,NaN,NaN,NaN,NaN,NaN,NaN,NaN,NaN,NaN,NaN,NaN,NaN,NaN,NaN,NaN,NaN,NaN,NaN,NaN,NaN,NaN,NaN,NaN,NaN,NaN,NaN,-0.417292,NaN,NaN,NaN,NaN,NaN,NaN,NaN,NaN,NaN,NaN,NaN,NaN,0.457813,0,0.84769,0.8889,0.944116,0.797641,0.830302,193
105.265,41.5096,180.721,NaN,NaN,NaN,NaN,NaN,NaN,NaN,NaN,0.830108,0.0684494,NaN,0.644985,NaN,NaN,0.657224,NaN,NaN,NaN,NaN,NaN,NaN,NaN,NaN,NaN,NaN,NaN,NaN,NaN,NaN,NaN,NaN,NaN,NaN,NaN,NaN,NaN,NaN,NaN,NaN,NaN,NaN,NaN,NaN,-0.972324,NaN,NaN,NaN,NaN,NaN,NaN,NaN,NaN,0.188999,NaN,NaN,NaN,NaN,NaN,NaN,-0.217553,NaN,NaN,-0.383513,NaN,NaN,-0.70477,NaN,NaN,NaN,NaN,NaN,NaN,-0.617817,NaN,NaN,NaN,NaN,NaN,NaN,NaN,NaN,NaN,0.427884,NaN,NaN,NaN,NaN,NaN,NaN,NaN,NaN,NaN,NaN,NaN,NaN,NaN,NaN,NaN,NaN,0.18215,NaN,NaN,NaN,NaN,NaN,NaN,NaN,NaN,NaN,0.814093,NaN,NaN,NaN,NaN,NaN,NaN,NaN,NaN,NaN,NaN,NaN,NaN,NaN,-0.428703,NaN,NaN,NaN,NaN,NaN,0.788351,0.84769,0,NaN,0.816629,0.388276,0.887005,194
98.1963,105.067,183.435,NaN,NaN,NaN,NaN,NaN,NaN,NaN,NaN,NaN,NaN,NaN,NaN,NaN,NaN,NaN,NaN,NaN,NaN,NaN,NaN,NaN,NaN,NaN,-0.743365,-0.830748,NaN,NaN,NaN,NaN,NaN,NaN,NaN,NaN,NaN,NaN,NaN,NaN,NaN,NaN,NaN,NaN,NaN,NaN,NaN,NaN,NaN,NaN,NaN,NaN,NaN,NaN,NaN,NaN,NaN,NaN,NaN,NaN,NaN,NaN,-0.167648,NaN,NaN,NaN,NaN,NaN,NaN,NaN,NaN,NaN,NaN,0.589603,NaN,NaN,NaN,NaN,NaN,NaN,NaN,NaN,NaN,NaN,NaN,-0.560001,NaN,NaN,NaN,NaN,NaN,NaN,NaN,NaN,NaN,NaN,NaN,NaN,NaN,NaN,NaN,NaN,NaN,NaN,0.674218,NaN,NaN,NaN,NaN,NaN,NaN,NaN,NaN,NaN,NaN,NaN,0.618869,NaN,NaN,NaN,NaN,NaN,NaN,NaN,NaN,NaN,NaN,NaN,NaN,NaN,NaN,0.273135,0.625649,0.8889,NaN,0,0.881417,NaN,0.825557,195
74.8966,15.3227,182.982,-0.0672986,NaN,NaN,NaN,NaN,NaN,NaN,NaN,NaN,NaN,NaN,NaN,NaN,NaN,NaN,-0.289002,NaN,NaN,NaN,NaN,NaN,NaN,NaN,NaN,NaN,NaN,NaN,NaN,NaN,NaN,NaN,NaN,NaN,NaN,NaN,NaN,NaN,NaN,NaN,NaN,NaN,NaN,NaN,NaN,NaN,NaN,NaN,NaN,NaN,NaN,NaN,NaN,NaN,NaN,NaN,NaN,NaN,NaN,NaN,0.502708,NaN,NaN,NaN,NaN,NaN,NaN,NaN,-0.50521,NaN,NaN,NaN,NaN,NaN,NaN,NaN,-0.889229,NaN,NaN,NaN,NaN,NaN,NaN,NaN,NaN,NaN,NaN,0.498883,NaN,NaN,-0.415077,0.476811,NaN,NaN,NaN,NaN,NaN,NaN,NaN,NaN,NaN,NaN,NaN,NaN,NaN,NaN,NaN,NaN,NaN,NaN,NaN,NaN,NaN,NaN,NaN,NaN,NaN,NaN,NaN,NaN,0.493875,NaN,NaN,NaN,NaN,NaN,NaN,NaN,NaN,NaN,0.867673,0.944116,0.816629,0.881417,0,0.921425,0.824145,196
44.6384,43.4582,181.548,NaN,NaN,NaN,NaN,NaN,NaN,NaN,NaN,NaN,NaN,NaN,NaN,NaN,NaN,NaN,NaN,NaN,NaN,NaN,NaN,NaN,NaN,NaN,NaN,NaN,NaN,NaN,NaN,NaN,NaN,NaN,NaN,0.876358,NaN,NaN,NaN,NaN,NaN,NaN,NaN,0.754124,NaN,NaN,NaN,NaN,NaN,NaN,NaN,NaN,NaN,NaN,NaN,NaN,NaN,NaN,NaN,NaN,NaN,NaN,NaN,0.119747,NaN,NaN,NaN,NaN,NaN,NaN,NaN,NaN,NaN,NaN,NaN,NaN,NaN,-0.685585,NaN,NaN,NaN,NaN,NaN,NaN,NaN,NaN,NaN,NaN,NaN,NaN,NaN,NaN,NaN,NaN,NaN,NaN,NaN,NaN,NaN,NaN,NaN,NaN,NaN,NaN,NaN,NaN,NaN,NaN,NaN,NaN,NaN,NaN,NaN,NaN,NaN,NaN,NaN,NaN,NaN,NaN,NaN,NaN,NaN,NaN,NaN,NaN,NaN,NaN,NaN,NaN,NaN,NaN,0.608234,0.797641,0.388276,NaN,0.921425,0,0.981545,198
103.612,53.7903,183.23,-0.905013,NaN,NaN,NaN,NaN,NaN,NaN,NaN,NaN,NaN,NaN,-0.397546,NaN,NaN,NaN,NaN,NaN,NaN,NaN,NaN,NaN,NaN,NaN,NaN,NaN,NaN,-0.569298,NaN,NaN,-0.564911,-0.460467,NaN,NaN,NaN,NaN,NaN,NaN,NaN,NaN,NaN,NaN,NaN,NaN,NaN,NaN,NaN,NaN,NaN,NaN,NaN,0.803487,NaN,NaN,NaN,NaN,NaN,NaN,NaN,NaN,NaN,NaN,-0.907487,NaN,NaN,NaN,NaN,NaN,NaN,-0.995713,NaN,NaN,NaN,NaN,NaN,NaN,NaN,NaN,NaN,NaN,0.85806,NaN,NaN,NaN,NaN,NaN,NaN,NaN,NaN,NaN,NaN,NaN,NaN,NaN,NaN,NaN,0.585869,-0.662883,NaN,NaN,NaN,NaN,NaN,NaN,NaN,NaN,NaN,NaN,NaN,0.43895,-0.879588,NaN,NaN,NaN,-0.197334,NaN,NaN,NaN,NaN,NaN,NaN,NaN,NaN,NaN,NaN,NaN,NaN,NaN,0.888578,NaN,0.727857,0.830302,0.887005,0.825557,0.824145,0.981545,0